sha256,family,file_type
0dc464798b0546623ed1412a6a5cbdd3697253b5b62e0d5516fa9e18e16e143d,AgentTesla,exe
2fbd83294f77550e8f9bd13ff100efda0e63854f267dcce90028b53edff6ab69,AgentTesla,exe
3031302885e4b193166ff7bc9cb50429be8bb8e62d99f655dcdba1cdd41ac17e,AgentTesla,exe
31b62db93d6167effa816246e7e8c6d8ee86b865e529e846a628feac6dc1589e,AgentTesla,exe
3d598d95b0c985d9a1e2fd399f00ebfc5177539b9e0c814ae12abadfc4933e0c,AgentTesla,exe
411b3e4c693c18b6cbb74d1b64c5ae064e0e80486ab01daa6b781dfada495517,AgentTesla,exe
49457f4873d15debba87933ff93d9709c820d2e3ca35658af3cff7c26b62dda4,AgentTesla,exe
52cd593a85d84da0c764e303c5f9c7811ba4ce5a759f625ce1117c5d707c2958,AgentTesla,exe
056f7a2e002038fe8fc3889f6065e7eb1587ab0452c396d330885ae3505e417d,Amadey,exe
182bc3c2b19b3254ea84fa8c0379c03edac5bfbe0a6ed27b03544192281ad899,Amadey,exe
1962b1acb673b0019006aa41c27fd05b25c978625a0e4851632c1cd93f2840f4,Amadey,exe
203858a2a480b9efc8e97209a38731941d985960eaa9fcf6045bb972f34b0761,Amadey,exe
213b55b1c7e1bf89dcad5f085f15b6cf1ac70ae8d3a914ea91dfc9ca92f83052,Amadey,exe
2368e264cafd9c6699c2ef958e873926b7f7575e52318c705127a166e4ab53dc,Amadey,exe
29352f59456553b5f5484561ad72727866119f00dfa50626b152ec47d68369a9,Amadey,exe
2e40c440729bb43a4c5e8ba6bcc07b406c59ebcd40f4fc8ca4ab405f721c32dc,Amadey,exe
349e9a8e9a72eeed9493e3f899e10877e0f4cf777f60d5f94c6f05b020a8bc74,Amadey,exe
368ce35222791d00f2bdeacb1206b7f54898f5f847d290a85c7cffde8c8f0d2e,Amadey,exe
3907a88fa142d0fc99be51a4421fb0558a6ba960c1a614d839f6f4f173a336f9,Amadey,exe
4064671e1ceddee6319e1d56165c50981fe59169108ee7e12962e8091ccfc711,Amadey,exe
49999f257686cfba6fe9504ff99a7776f998e3ba4887d28d2957f040ac346306,Amadey,exe
4b563e86564aafb8b2f57473e649f95189f6064e1bde038c95cfdc25757f90f2,Amadey,exe
506942bd1cb3947955dc5acf42db00c671b9aceccb7a8b909a06cbe2a5984aba,Amadey,exe
002a0aa5d6c6e213af273f5348721d24afe743ec969e92a0bea87425d6056981,AmosStealer,macho
03a86062b848fddd31fdcc02711949bc2a0254270d64a8d686ca1c93e36f2473,AmosStealer,macho
04142fd8d43d9c82024692e3de9c52af3d50d000a44ed2926cd1af8d608151c5,AmosStealer,macho
0640c40c9e71188765a7c32afbe49ef030d8db2afc67affcbea7885a7430db69,AmosStealer,macho
07f54b728016549d0931d6b8ea0ed43b856f1273c1d768e65b972968998e9f50,AmosStealer,macho
0c3c48b8302403ca47c8a7f5353631391b12080f4443246cd17cd433a53a1343,AmosStealer,macho
0e52566ccff4830e30ef45d2ad804eefba4ffe42062919398bf1334aab74dd65,AmosStealer,macho
0f159a71c6bfa5b2999f49edbdaf3ed6b0ed436b9978fb4bfa9e1804d3178958,AmosStealer,macho
0ace4e1158ab5b7723493f39d6949309e00e4a71804f0b09e33d5d48a28cb061,LockBit,exe
105912c9995a1d718c5442349d2cc4bb99426f75ff34554cdfd9a7272eeca398,LockBit,exe
166bba02413995aff28ffeb27d3bf3d5a5f6a6cd36893e252c7b9a22836f4980,LockBit,exe
3dc6902dc87d976787bdf0878e7174ec526df613645d3f275e0216d05cf2d217,LockBit,exe
47c6ba872eea70cf59233fabbdb6d1978cfc7c5602d4710b4f3d123e91f91822,LockBit,exe
4dc06ecee904b9165fa699b026045c1b6408cc7061df3d2a7bc2b7b4f0879f4d,LockBit,elf
4f76df691e2ea292b56812eb3167efcab655382d632048ff63781f5d41f86433,LockBit,exe
4ff3b5ae26ae039c77e17e057cd7a05556c13c78ff47da3323e4fd3ef2c732d6,LockBit,exe
67ac04c1b7526288194e53da33cc0e9661687fd4fbbf12156e5ef6dd2a4108eb,LockBit,exe
7a42a2591858a6901ad37d4669a9c9a78a981b1d670c3dbfeef23500eae972c1,LockBit,exe
7ed131e9cf7d7f87b0c7e95e121025f35f526c927e8dda59196c9022870193b1,LockBit,exe
90b06f07eb75045ea3d4ba6577afc9b58078eafeb2cdd417e2a88d7ccf0c0273,LockBit,elf
9a007e70a934bc617f93d4c2ea08f2b7c6238562529bc90d89c990bd7d2983c4,LockBit,exe
01d56e9f4bfc02d3b968b1cea2f4ed8870df97ac4caba245e528ee5ddbe1d8c8,RedLineStealer,exe
06c4777276dbdc6f930571e2b1804f15a1b54c8079d6adad49cddf99b28ddb26,RedLineStealer,exe
06f42fa9e9d8f0c01a7c560490ea71e4cc582069527a5336cdfc299ed1e67c32,RedLineStealer,exe
0e9afeeac20392cbc350e18b90a0a445d535a04c1b5c3e8defe8a5f57dd07864,RedLineStealer,exe
166fec0187fb56dd61b937fa2c903a762102e1c139b47682eafa4cce0e991e7d,RedLineStealer,exe
191ee35d59e9a5931693a774419205bd3055408f449328a4d129ea2a4e61c19c,RedLineStealer,exe
2ec9acdb6e5ea802f5cb40e00ab7e973f3b1abae4033ba46b79e10af695d9e6c,RedLineStealer,exe
03ceed8719bdcef60a9a3b46fee00c2f02df9035e8b9f37b7058e1fc022bbbe9,Smoke Loader,exe
03e99f0b808938dbed94635c8385b2830c6d4cd01388511176c91a3c38aa02d0,Smoke Loader,exe
06a8b84fdfddca6a3d73c00c4e964239bb77c87ca811111d7d65373019e12471,Smoke Loader,exe
06bd471ea00320a2172fa5da5c0c8564abb02f8420264d5dd76cdf8ac39bca1b,Smoke Loader,exe
072533c1d31d83b056a1a9f4174a23763c53597df1c89ad9c545df2c3bb35f5e,Smoke Loader,exe
0b4e6676ffd58bd45aa24c3e5bf3a10e2cdb8fccfc24f53f0ed7ee35f8412be9,Smoke Loader,exe
0c50d00bd5b3b9291e08039c10c7c83e0fcb653c4d644f94116e36a959997d71,Smoke Loader,exe
0c8653b27836eedf17e11a94a9af1f4bd9a49ba2b64fd51033240f3a2bdb1aa4,Smoke Loader,exe
0f9c97adc250b2ab1c1b19aa2bd99ac0b8f54e07aaccdfdaf347a258a81ef932,Smoke Loader,exe
101eb6d5c3c5be140c681e1d23b86783f40e81552db897e253e2c29609ec11cd,Smoke Loader,exe
119722e6e370e280de412860f429a037caf0d86d19d88100510423334638ea1b,Smoke Loader,exe
1260de45ed2115518b558d266e32b733cbf8db8e464cb3a0e070e4c0149ec554,Smoke Loader,exe
1321e3918a1ce8f9db14582fc6a4caaed26ec3b798026c67c28a6ca3ad235c59,Smoke Loader,exe
14ff6574af1d17ede667d9e251c676fcce293554bcd0382292a71faf01dfed88,Smoke Loader,exe
1713b425157a02715f62c250ab2ca039f02923be43ed8715044a99f9947c7be3,Smoke Loader,exe
02f9c72d0b1cc241e46cd2b65e8ec63a233dead29e44c739a5bb3860a654d457,Stop,exe
0aab6f215890584c93d3914606f068adca9679153d271eac2e2ce68ee8842d96,Stop,exe
0aeddd756cf2991b1dcb283318dc895e81b5a54cfa560fef6234936a8f2dbd55,Stop,exe
0fca5cc453a703c35c7c311dd7d7d0ffd64d5551f874399eef8aa25cd46fc6db,Stop,exe
14d41863a6fcb2d11b554cb85f4f8f00bf8f6c4444ce1c1eadb1c15eccaa01e7,Stop,exe
1ca8ad78274a829697b8381e96b914fea1a65b5b2351f536325d2143d689426e,Stop,exe
1ce9fa530436fed6a2cc1bab08320ff7b1ebdc8d80545bd298af8260535cdcef,Stop,exe
202259937df72d3e7e341ce852a48938616e0d98a091d976f5342bf82e132ce3,Stop,exe
232d25948db02a80f05a71382a8fda0000fb08df82778f30322d5844ce7d167b,Stop,exe
2a6c90c8db27e6ac04c7e339dfe4b3c2d47a292bcf6fc1c5b4e0ae62fc81ff84,Stop,exe
2dcb65f18ee5ff985d4448c2bc01ecff8c1e379d969ef09591789dde8dd1d534,Stop,exe
3a2eca1c4531aea65c300c0e9808dc89585ac9c41b92cea707d40cc1cdb087c1,Stop,exe
48ba4b8f4d87039ee33cac2af62a67ee1fd9b3b1b02f4b183f78a7c326b4e42d,Stop,exe
4bb311ba0e479264b1d3c7deab5bfb44b0c1fb100d82aa7d605369b0ac938981,Stop,exe
4f1bcdcbc93f0edf7a5b94c5da7b46ee72d4ba9619862036ed1cb202a07385c2,Stop,exe
6aca49f129d7eb89f198149671cfa552ddfbbc5dc40039dbadadcb7158431d61,Stop,exe
6b20888a57749e9e7bdd567daa7347e525018e32aa98d61f684f3ed9372a4239,Stop,exe
00952930b878cbe158d089329cb03221304ab40a754ee07cdf17fdee9322bdf4,Vidar,exe
034b06fb37c5613552aea6af542a5856668d22f4026f535496dcaf7e7b56c3e4,Vidar,exe
06c225ee35c4c4f709e99f54d0d930b622ef3481a9a7aff2dec5d110b43d0389,Vidar,exe
0dcbe5afb17831300599e9cdc3c8a655c1380c86a1562db04fec664677a50e20,Vidar,exe
13625802ea4ade73aa1c741cc05495af93a9c5edc3d19c194c5d3449d4478b2d,Vidar,exe
137b3109ede19d332f3feca533e4f440b78a1b3597329e468f299801d811cd8f,Vidar,exe
15d191fda1c045184d5ff6417fdc0a54a1e6c918302d1013f88c7ae193e7b9fa,Vidar,exe
3690225f09b36394ee90c3ca13bc11db63b9411bf5145f39acd028ac1a1da201,CoinMiner,exe
620e1b095c157be83a25c8772b941ee20051b53253d325117788716cbc4f50ed,CoinMiner,exe
7fc84a19ee1029403baefd2f0c58ab6e55dfc346e759157a7fab4fd5cc397c4e,CoinMiner,exe
dd9eb55d35232b79b8fd3105f96c320d9b68e75cecb148d8b628b2c26c9bda44,CoinMiner,exe
3ebeb21ddf3a0913397058609db41cf23e440dbdee26a2a569752521fb09d1eb,CoinMiner,exe
882f750531309d59d6ebae6ce9f35a9b55312dc4900e0381e2656226b617102b,CoinMiner,exe
00c765d93bbf7f11013dcfb30a0143b0d2620e39f4e8ef47c0dcde10663276bc,CoinMiner,exe
7e75768a3114cb8d557cc787ca0c9d264c1fa4caa3990e7c3c399d2202f50fc6,CoinMiner,elf
f8caf4ff7737a95efeafb2ca3b219a79afd39736b02289c38eca6f46860bc181,CoinMiner,exe
7aa0e249b5c1176344f5fa5579d39a095a08bcb156ffa1789c16c2828bb4cf13,CoinMiner,exe
7e1e3dd418f70e0a973727bd106ed4bee047dd79a8d1c20004d37ceb477d5d6a,CoinMiner,exe
b2042a3d582987297d3e21e4ec35813e608d2c2b18db409edb36c1173f0b5520,CoinMiner,exe
930070e90a3b037b5132ff7bd2c49899d3da39679e9ff377ef5d7e40ea57d39e,CoinMiner,exe
789d88591e1400fad82e92ab9afcb8ee04b7671fa2ac19ae2fa70cbbf82757b3,CoinMiner,exe
9b0fb92deed4eca6da96d3a1c99c2a806c47865c08ed36ea361e9d5361c09a66,CoinMiner,exe
d3bb5688c6e76be8d010f8ed02ad374b5a03ea7d130f035d32abd4fb6a9bad72,CoinMiner,elf
e804e04f055a0ec3f4ff1d03e49a139b735c30ff8c97ac0d82f8e18f66bbe55d,CoinMiner,elf
5122b2cc1fc99c60330b863c94e09e82553eff28cbfba8496f30bea88465b77d,CoinMiner,exe
2e4845a187fa3a02cac09ca22d314d3f924c8bf63bf877d23e8645f7bac8cf55,RemcosRAT,exe
ffa6a6b56c154ed6ae3de4b31ee05bd5c1e8161954fe79ffc9f6dc8408d24659,Pikabot,exe
04e222ce902b82d05dabc7fbd3123945b9721aaba38b2bb68c2aa305dc214384,Pikabot,exe
2a3b2ff71f16b23e21aa9855139553509476d9f80f99d509fe0ba2c66fb9acda,Pikabot,exe
ce742b7cc94a5c668116d343b6a9677523dc13b358294bba3cd248fba8b880da,Pikabot,exe
238dcc5611ed9066b63d2d0109c9b623f54f8d7b61d5f9de59694cfc60a4e646,Pikabot,dll
89dc50024836f9ad406504a3b7445d284e97ec5dafdd8f2741f496cac84ccda9,Pikabot,exe
0e0d4494780c9010ece88f39f65bfbfcb13236e1652f7fe41e9c84a5b16583a5,Dridex,dll
123a833c6ad4fefb0e612a93c8bfb2fda9525414b308f18c9d3ea56a5ea37fff,Dridex,exe
0c3631f4cb7c6c20d671500f4c3b769457486b5afa0c685920d64c3c7297fb0e,Dridex,exe
547e81ee477ae73f30b4435bfa093d48082a0edfa3186a0e4af2eeab60b8d8e0,Dridex,dll
056cdb544f37d5bd97e9d78d6afdd23279681ca849e25d377b6a04f5da8108e0,Dridex,dll
034e193f88a93ebb4ac8ca8da5b3b1429600ef04e5c124457ce0bc1830bae558,Dridex,exe
6712500bb0de148a99ec940160d3d61850e2ce3803adca8f39e9fa8621b8ea6f,Dridex,exe
4fccd38f504290cf5c70e7336071a90a064303c7fdf5c17f7c38001768bce115,Dridex,exe
1d778359ab155cb190b9f2a7086c3bcb4082aa195ff8f754dae2d665fd20aa05,Dridex,exe
13c5b33339522f8f96d091708e7a8a64b0939daa6225732352fbe44cb2950e67,Dridex,exe
741087126c1c7edec3d0a3bc3f490723a4f410e9a278444c812e7f79013bb996,Dridex,exe
6362084f61fa6a41b8b01b7c62215ad41a2623b69572ce558c33bffaa21f0af9,Dridex,exe
4ad0998882a3fbd3412f0c740faebb8ef78bec4c3e566650424c40a878e6a23a,Dridex,exe
26af00a279ce082c2bb1db2cb50d2d590623e3f20e6c260d77ca77bf72b51797,Dridex,exe
55f53b1d9dac903d695b48f52894117a87acd81c1c10fc6eafb6dad5d6bc28b4,Dridex,dll
1f8806869616c18cbae9ffcf581c0428915d32fb70119df16d08078d92d1a5e3,IcedID,exe
1240f20fa9ae95089b4991382cf8b080e093127390077d1cb8361ab62402ac81,IcedID,exe
4d1f75b3c608b9254382556062ad86b5be654a094fd297e003cb4c2fbacfae29,IcedID,exe
c7441ea5c8a42ce0a3afa24991c8a7f328434d2eba9c3d2a2fc26543c9288f9a,IcedID,exe
b9ce680718abab18162d7358dd9717276d4d77674f699aac9f7dfc3dc2e9115b,IcedID,exe
a9f1cd6e939dc4c8870552ad52ec20bed38bdbfaa44fe0a04ba00b3e23e59a1d,IcedID,exe
7558d71491be53831fb03b669c939483ca0ca2f78fcbcd21b776a65fd52c1d6a,IcedID,dll
79449670340d763f164bbda0a32e38f3d06a2a3b6cee41d92c47f448710e015a,IcedID,exe
a3fa68045d0106d6db3d43df6b5997d9034f9f7d2a34148187498e4b504ebf58,IcedID,exe
15986433fce7359a77d7be49376a88bc208c854b2cfb2cfd011648ad6713a188,IcedID,exe
221e906b73db3dd177f65eba9310efeb2921f512d1eb67d516d8036b4193344e,IcedID,exe
8901e289c92449e47212b5e6e948ee1d12e9d809af9026ea39834f595bc9f238,IcedID,exe
b3e7143c9eb1ca9a80a552fc354e4e31ba964486a9fe3af01b5bda1a627303d6,IcedID,exe
82a01607ebdcaa73b9ff201ccb76780ad8de4a99dd3df026dcb71b0f007456ed,IcedID,exe
03b25f3a6a6612eca075b0253d7e8ae6ee556bb5375ab7f38b408da15c1b6af9,IcedID,exe
5f28fc0de30c2301ae8d82e8420df587a5bca6451bbaea053aa2ef48217b2081,AsyncRAT,exe
f403d1c1cadfab40589863ee6dca058f4bd694c1a16b5481841e5c7d74d705d9,Gh0stRAT,exe
e938236bc97fd9cff5238292feedbc6b5f209ecf67837a08ce44e978ba2678d0,Gh0stRAT,exe
524f4410012eaf96e6a64aaf4d5b014fa156f4ea31a5b1a6d6c99952d0eb63f8,Gh0stRAT,exe
589a33f90aa5c137188dd7d45319967da0252d468b6f5c02e875c3b7cd86df4c,Gh0stRAT,dll
1d3bcced2467d17e2be347629e1aae5ad919c0cf850932eef0fff74fc3ea0f03,CobaltStrike,exe
4e95aba17c1a423cda5cc9f9f04f7cf8db17e294eb31ed1aa85063601b82fe8d,CobaltStrike,exe
1cf56da38e5fe05fd2242ff49bafa4271c5ee0868887bf91dafb6f47d1e46ae9,CobaltStrike,exe
4cda128af8138a1e46eee0ee05351f3b381d66315232dc0eb1f74d37a7d14627,CobaltStrike,exe
d46e966d978515b900ae003dc3b56225199de590e62165bb073138935e9b4294,CobaltStrike,exe
20e8ac132992310f477965fc981e641eff5c6ee19e961e63eeb4e84635fcc7ea,CobaltStrike,exe
37a82b306178d9bf25af2c794d675630ce55336cf1cbf5734701e471e1abaa14,CobaltStrike,exe
123b6141959b472dbbf2f0e8fd0d1316d35866efe23ce8a354e3b0dacafa8fde,CobaltStrike,exe
94ac8014079db7511da409b5fccebfb01846e29e2b5c551522e865f438120601,CobaltStrike,exe
7b2b66166e8fa2fde5ed1464d45882d52303d560d4132e697027d712ad1e05d1,CobaltStrike,exe
5b50ecba3041b74c8b9a4fd31cbea4c7c3f32e86b4610c6c2fb225b289e73d9a,CobaltStrike,exe
179dcccf0614360e520b8c450bcda367884251d0daac46583af68a4182b855f1,CobaltStrike,exe
03ca7bcc97fccc10ac293492afc385f3d50916060d6692a8ccc631176f7fda0a,CobaltStrike,exe
5c2d6c1df40a89776f6f28869249214d6f4d6e0ef4708b0eff1671bb1ce77933,CobaltStrike,exe
482d134402fb33d4ded42657dd3473240fccdedb25cee3c3af5de8e4783886e3,CobaltStrike,exe
4b91c4cd693c6c6f29da94e83458817d8af0be1bb893bad981202d8a437638d1,CobaltStrike,exe
98e9d4c596767f809f9113f89dbb485149bdaad7a15b3e5d8e6f5dede067ce7d,CobaltStrike,dll
327629c21782f90f4bd5f7c0779d05e9dbe87244dbf6bbef6703293700f2a620,CobaltStrike,dll
36154900a5d00096595167edc83315a29646f7db240af5abdbe27ae872833f37,CobaltStrike,exe
7b9778ed8559d714a26fc42c12a297658c8441ee790377944caa7d2d2eee06a1,CobaltStrike,exe
2f47a4be84b4e4d165c1f4024402896404f6dcfa61eb47df2d999d749aba072b,CobaltStrike,exe
a557d96f80d3cbe663dff79421902b556dff2cec54d7307a7f879cb20268b15e,CobaltStrike,exe
b74ab01d4cec9234b0f84a3313d5cf4f8a874c577b972fb5aff1713ad79281fc,CobaltStrike,exe
05dadebaac31e9fd676f9572a75ad826bea393970d308e1dc169b8bbcf4a8aff,CobaltStrike,exe
1a3a69efa2bee9e0d8e7bedbcac7dab0d27cb2072bfc2668cc3459e3f8abe5a5,NetWire,exe
4b93ccba6c66148196b17b5cf1793677e1219ff72979cdad2cc5fea8b5ed96ed,NetWire,exe
1d546c58ff8f2d922175cf534b153cf6364ab25a2030814ea74f2de07a8c653e,NetWire,exe
00f01750994214b5d936755f4e67db0663fe9787960817e2bcb7b3c85e394f98,NetWire,exe
73cf4c1de3510d4010419a34a87b341c18d6144080988d23abe965bed3d73a5e,NetWire,exe
6e1ec623cf5e3d80211c348cbed953c38f95b937db786d736953b44b39a74aaf,NetWire,exe
9bf329e7953beea80c3dbb8e26886f42b54b46e2f79af7f86ed14b8d9b63be33,NetWire,exe
8dfa86ab54225a8e1c2027172d71cebf13dfa2e622ac9cc06fe1058b6be3ff20,NetWire,exe
19be771df58a8532ef07a64a4029aa4333570a5e33e069ede44338b1357e3ab8,NetWire,exe
4cda545865d04de7de11c1e55d551a53096cbf9efe26bc61fe009695603f1b28,NetWire,exe
9be6abe91db5212e333a086a8f9db157c08f7cf1eeb9020f6cf13444ddab8036,NetWire,exe
1a2c28a7682c26ddb97885fc056dc72b2c2df437c5fa3031226e34775095df06,NetWire,exe
20a7088411ad98c4dd710ec1913d464e374b28d4873c26a0dcc2910e486b9323,NetWire,exe
3647bace25f94430a534aba8aba08a731571ab2ab22f95ac209096e2c32ef81c,NetWire,exe
b9b052dfb2f19bf15aaba81f07861234f91a72a5c38d83c176a7a4dcdbb2e8c1,DarkComet,exe
01e521b7dea93a8eb80883d7bc535dedc2a09eeb981729fd46f4ee677900c64e,DarkComet,exe
981083069928ba9c9ab6f5c00e08e39bce07449ef7415f58e962939edabdecd7,DarkComet,exe
4e57af02f430ffdacb81b8b597b251bac12de9c0703fb5325411dc83ca8d8e11,DarkComet,exe
3f44d142fbdc7e297b0d520cda8499d4abd2e40a2bffa745411597d9b2030d4d,DarkComet,exe
809fa6cc92b87617af3beac0c187d3e12d29e0f27bda4fbcd399210ddef0022b,DarkComet,exe
a52188008b79a4362152f64664cd595b7b76f9a19060827e6d8ce5cc44654315,DarkComet,exe
ecc2c1379a44fe3f689c6022c3a1709b555a99a37d84c0be898e4be1019a804b,DarkComet,exe
0e8336ed51fe4551ced7d9aa5ce2dde945df8a0cc4e7c60199c24dd1cf7ccd48,DarkComet,exe
fb5bb1a247df52bb1ae804d43ce78abc0aef1c7ee019424f6698d841bbece1c7,DarkComet,exe
8bda7db9909e9b4e6bbb325102bae2639f622cf3d895e1b500f7a02cfd21608d,GuLoader,exe
97e7c70270a2522d212ad556382d97477dba6730dccd421230a9f36cb97aa9ca,GuLoader,exe
72e855025d02c02fa90b0ee9296d8a59a6c008dff1b70682b58474a8183836b5,GuLoader,exe
166e0b889d42908d544d47be2a2131793b150ea2f3f93ddd7e58669fd99586f8,GuLoader,exe
e9b9e9b3ba47548c9f0937837bf16550f573c25f7405e8cfbf45519d79ccde4e,GuLoader,exe
5e9db5d3315b40d2918de07c2ef6fb1228125d200194ea8e8879495acf07d545,GuLoader,exe
b24d9b4fe10dec89c3585169731a20a070b4646e7e0c72bdaa550bc5969b306c,GuLoader,exe
bb65b72f7a354c96d0dca93f14f144a7ef2b9d738bf35d8ae5edd9031f1e4247,GuLoader,exe
00c3e0990cada07e01a3b842cf3d36f36c6ec7dd7d3c1aba430c08d885d66567,GuLoader,exe
5e8e303f85b17263f85044d1e8dd593477755c753d13664bac9ba8f53241ec26,GuLoader,exe
b3e933c26ce4abaa94ae4c990096c2c346106e35a544dc4cdc21ef7571511dc8,GuLoader,exe
51e21ba467683d83fa2d9856dba5c40375b05d6b5627c7c37f8024af959e235f,GuLoader,exe
38687ffc58c6ef27c5f46fdf5215d9c4a267e54cb68f5515fc18ef00c7246278,GuLoader,exe
c75d8323a4288498f44893d1549ecc98be5b4dc3e89875189fe45f2eee0de36a,RemcosRAT,exe
3061e2a6b00e4874345eb1e9dcab0e2390e0073608b31e5925e27af462ccff1a,RemcosRAT,exe
11c56272015bf9670764d6c3b41b2f8a2a021f85b3a878d7a954c5a5c3b9efe4,RemcosRAT,exe
70c2fe27f67d5bd45f18c826a1dc1f852fa86b2de8271151a7b8c4d6d58f34d7,AsyncRAT,exe
59bb710abe6edad7040227e259f3665f2852f2e954ac82059c746f54e947e6cd,AsyncRAT,exe
b1b2ce043a42e8a9fd97d478bf86776103b2be910dfcff97e7d9ce6378e7701e,AsyncRAT,exe
7adeac778393f2889190521e4a72153903bff700790a50d76f6d4df05f99ca83,AsyncRAT,exe
45a576381409b82fb40689b7ddfa0b7ab3fe774e81d4a2da9a98435a2f2207a5,AsyncRAT,exe
9b45aaccc113770707f6e310f7fdd231c3a646345fbf29f98795c56da503b1d7,GuLoader,exe
37aff605de5c517b583434a156a0f4156f7eab40ef2d83380e18655f56b5a727,GuLoader,exe
9dc82c403d09772be87f0a7bb9da05b1e443df6b3dbc195e28576e45a76e4726,GuLoader,exe
9082b4c986dabd4cf4d2014dd5cde755707319fd5be80382f106e88f2606d3e8,GuLoader,exe
a073704e18e10cd3e8d20e61b0671292d2a7ef52e4cd8e2b1c88a7ff62c3bf73,GuLoader,exe
eb1b0429baa22c83c2d1aea6f3184c0437dfa60c858c0560a2e17b67bef455d7,GuLoader,exe
e6c2238e4256b93d1bef01b4437604d8d3aea915500c21a4235365b27f969deb,GuLoader,exe
7101c5945c026bef41d2cbf5bb5865976af92b56d326336b89523c385680f2aa,GuLoader,exe
52bf5c03705954e49fc0d7e7c37c507868c223f4a54180cad932fb942eebd4f3,GuLoader,exe
5a891a660cb8f45d18db11af1a25a332d615443781ad7915ebf92c6919a88ad3,GuLoader,exe
696bafd93ca02c40be66c2a20b41f332a122df4fc0215f8fb0c6d3560f1602a7,GuLoader,exe
764ef8523d5ab4f0bccae53480bbb507748d95692da2823b42eb214c0dad82e9,GuLoader,exe
eab27aeedf308a3d237f41dec18bf293caf228add0410a63b3fda8d57497aae8,GuLoader,exe
a8a141ade35e940a15eaec90cbb1a1ea35ab84725fb76bc82d46c3c88dadda04,GuLoader,exe
bdf381ab485d9bb8aaf0e7a29a36c86169cbbbd45e2de3da745210c8c3c4c011,GuLoader,exe
0629d6563babf92a6a92aea085c9396fe755ac61d7f2175d8feb3fbc982dee05,GuLoader,exe
92b4d4fcf62df03ff908adc43c39189ccd71ba78c7e61916985a80815d4ec18b,GuLoader,exe
16e10519af870b3333a6d37a823a9846a4c7a0b7caa5d35acf683ae31ae4e5b8,GuLoader,exe
9b458b55111c99b766aa1d91a7bc3ba2e4010a939608d76d896642c935312892,GuLoader,exe
4d1b8646c493d3fed46745143f84d655331efb35a908297c86efcdc90fe7cecd,GuLoader,exe
982ba92eff55877f6eda5e5a4f4e730a001f84ed736200e8ddea822cfb660b04,GuLoader,exe
17ad820c6a27854ee3b63c7c43131a58eca48dba8ddb56405bf11059f4a41bed,GuLoader,exe
e282bdd0403b520c6dd0aaf92fac3cf587ec67371047cf648a55ecc1518221ce,GuLoader,exe
2343153b281c09a75624788bf36ec4ce24b03fa49765c2cca1fa025981b758dc,GuLoader,exe
d8b86b1715fdb7b92a937c7c35bf952488d08de884478bb8cd66ee3317879005,GuLoader,exe
2fe59a0eaf50f0836f9ce92ef8a08f553c836421823c5b3067caf54dbc2f4e40,GuLoader,exe
6662576e48a44418beee861499346b037c23ec0a91fb05c2d9ae3dc42650ab82,Cuckoo,macho
5a024ffabefa6082031dccdb1e74a7fec9f60f257cd0b1ab0f698ba2a5baca6b,EvilQuest,macho
1afcea3625c2725a95e87df1d660130a374c29e98624cb9b51b415c9f5c9e305,Shlayer,macho
904ad9bc506a09be0bb83079c07e9a93c99ba5d42ac89d444374d80efd7d8c11,BirdMiner,macho
12f941f43b5aba416cbccabf71bce2488a7e642b90a3a1cb0e4c75525abb2888,OceanLotus,macho
07154b7a45937f2f5a2cda5b701504b179d0304fc653edb2d0672f54796c35f7,OceanLotus,macho
673ee7a57ba3c5a2384aeb17a66058e59f0a4d0cddc4f01fe32f369f6a845c8f,OceanLotus,macho
4da8365241c6b028a13b82d852c4f0155eb3d902782c6a538ac007a44a7d61b4,OceanLotus,macho
05e5ba08be06f2d0e2da294de4c559ca33c4c28534919e5f2f6fc51aed4956e3,OceanLotus,macho
fd7e51e3f3240b550f0405a67e98a97d86747a8a07218e8150d2c2946141f737,OceanLotus,macho
e94781e3da02c7f1426fd23cbd0a375cceac8766fe79c8bc4d4458d6fe64697c,OceanLotus,macho
6a4f27d999a9098f87b2f2ac8825321b7f9e643904385c24e7fc1dd22eff55a1,RustBucket,macho
e74e8cdf887ae2de25590c55cb52dad66f0135ad4a1df224155f772554ea970c,RustBucket,macho
9ca914b1cfa8c0ba021b9e00bda71f36cad132f27cf16bda6d937badee66c747,RustBucket,macho
c7f4aa77be7f7afe9d0665d3e705dbf7794bc479bb9c44488c7bf4169f8d14fe,RustBucket,macho
ce3c57e6c025911a916a61a716ff32f2699f3e3a84eb0ebbe892a5d4b8fb9c7a,AtomicStealer,macho
31b6adb633cff2a0f34cefd2a218097f3a9a8176c9363cc70fe41fe02af810b9,KeRanger,macho
16758a57928f9d31c76d0ace8f89b4367d849ccbf20441845af32e2768209a81,KeySteal,macho
f5b4a388fee4183dfa46908000c5c50dceb4bf8025c4cfcb4d478c5d03833202,KeySteal,macho
410da3923ea30d5fdd69b9ae69716b094d276cc609f76590369ff254f71c65da,KeySteal,macho
617f7301fd67e8b5d8ad42d4e94e02cb313fe5ad51770ef93323c6115e52fe98,macRansom,macho
001ba935c6d09702e2ca8a41a74daba441f49aa71572a356352b26ca3f9e465a,CoinMiner,elf
fa5410f4aa035782d0c0ccd8cb7ae228e35e3049702d60fd574dd414d111896e,CoinMiner,elf
ec141b4e1d603702f50d323d382bca4060950d8a4b5034a064096ff4f00fcdb2,CoinMiner,elf
abe6031483b952c9d6421011b0002e68d5b46608ec304b271ee06f814a446017,CoinMiner,elf
adb6d88c2cc0205310fabcd7356b14e671bf24f3863238c9c4968bf6cadff0c8,CoinMiner,elf
f01c31579d0f88b839d63966dad25b32a9f3189a636e0bf92da9fc987597d07d,CoinMiner,elf
a72cb33e43ae72204508cb79b97c8c194efdcfe56e1b56bec3eaf9af0d899b0e,CoinMiner,elf
4225c73c7a0f0cc9512662bff169b8a772044bc7f7a72b1b0e241f946af7f60a,CoinMiner,elf
8c869f9982c38d7f0cbfc5ddb1e489d3a8c94ed0cb19b8d9af27e329dd6a61ad,CoinMiner,elf
251037ceebfbacd419b663ebcf0e01ec80a2c46dbfc85f66492c8585b481fb8c,Emotet,exe
c7bbc23fcf86f5397b98f79d10511dbd3aa7df2ef8f8eb73e2c08164c8521d50,Emotet,dll
5726b610b8df672e55f1368d32327b9c93fbe4734c3ded8307a4b4d3b927b9b1,Emotet,exe
c60d7f885f481f6e8194f01551640da1e45e493c90edebeecfa0deb7a89b838a,Mirai,elf
741aca19031424a134aed496b600b549c8b0852b020b805f8ed814533d433e53,Emotet,exe
18feb21998dca47116dafc1a73d1873514c23f4d120c8f98282d690c2c061c5f,Mirai,elf
08b40c951747b139fafb060bde6c9eebcce49d0502496367edc192679d0ec790,Mirai,elf
927ba539c524f8b7d6adef353d403730c6b3c3d9c5b949723b55d79a3b898543,Emotet,exe
f5c35c91c3890f1f1d3886dfcb6f878d2be57ecc4485542e4a5c92188488452f,Mirai,elf
591d32aeae0554f744df8843727e794d33495ff0a4b90a9f7861ab526988ded7,Emotet,exe
a1913214f517254c854ebc0ca8aaac737d89a633fed786c83d2b9f6bb8b7f398,Mirai,elf
a0a88574ece61c4b43691f3136d01a691436f875482bc3989af0d782847508ab,Mirai,elf
f10052e10c319749ccd6aead272df3e831e4d4224a32ac589e1a577db38e2b70,Emotet,exe
f000c9c9af23d705e397a04afea2cb9be350b4d756f0d392ddff5b63755c6bc8,Mirai,elf
ef246ba750950b98b7b42d1251a6b0846457d2ecf656b495e82baf09911ddafd,Emotet,exe
5b1cd0bd500ca70ae871d015ea1c11b0720056a9da86b023a06024ccd6265543,Mirai,elf
6b5feef2f1ca3e77a5b1f8e066ebe820e829793d3c4b8c68525265bfe6fc888c,Mirai,elf
73a95aed2041bf4be2997d939858fb4c10cc3afcaafeb8bc84d0b420e2e05633,Mirai,elf
5d4ad6640ec2846c1dfb439108cfad160beb850a541ec00980c20fc36e0944dc,Emotet,exe
540dfbef1bc65462cac88ad24a6d5cea867d9b392e9f8ae66c20ee49f4002793,Emotet,exe
bcb9b1d06d7e39ea21a7cdcae0f96c5ae4191565f2b1f6f72959e078cf3d2373,WannaCry,exe
9fdfcf7a50597fe85398f2a3520919f8c309f087c433a509ac0f730d363cf5ee,WannaCry,exe
9ee6705e84b232fa40fa8911064b68755615c4c8e26a1b9bb15b7e3fc91b646b,WannaCry,exe
64448ea4838e0ab0dcd9de260b0d09c7f9c4f6d6068e051c3f580cf4465fafed,WannaCry,exe
44843140f8287b29e8dff038249ded0aa74d6e64b26f764a9780be5fad2488d2,WannaCry,exe
6c4ff1e13fd9657078d5b55dbc5ed341ad1a0e674dfaf39d850b4823ca09b814,WannaCry,exe
a34a0ab1fefe807b508c1eefbc6c092fbdb00ee47b2e9473b8d30c7b7333d5b6,WannaCry,exe
abf48b77091e81dfe1c0528bbfbf48cf3f551ac269b32e8e667449657cbe4697,WannaCry,exe
85df30c96a7e810c3711456eb2979e12fcd0a8bef49d9a5a01d1aadfb903b663,WannaCry,exe
fc7a60c88a82b47f9590bb64fb48ed57cf8f52908f5b55a8af83def45647856d,WannaCry,exe
818a48e399389a23fc73994dc4331314374a7097fe831b4ee617b9315487d804,TrickBot,exe
068af8016c36fce5cf1e1a4722c1dc0d6e02cb6ed58b61c2ba99a54d294cc274,TrickBot,exe
046ea30e67d2a06b83db596a087b9e62bd23de95e76aefb6deb3c9348c546c48,TrickBot,dll
33522ec6cd83ae54e6602d1e85de8e01090fe1c134fa33f12f0aaec54dd588b5,Formbook,exe
b710e94d81dab6603ad14a45ee82926305bfb35f848d9108d4fc31eaf5161707,Formbook,exe
69642cd14966d9ab7e824fa28c3f06b00c18a3d6de683d3754e41b5424d4f750,Formbook,exe
c5c2c8515c39bb0752d0e4064af465978b8cbb12a762b0c2411297262c4230e4,Formbook,exe
93696af402e19dfc858f5867e56e9dd5ddfa4f88df05bbb68cb482ca2c21a79b,NanoCore,exe
1b0929f74cbccc7bc9a4aca3f67bf0341dd05c4c15f70ed52a959e0d57c07e7c,NanoCore,exe
e67f88dbde61e4843243121ec1ae31b9f6b067bb7d2e6b947d8c90f6d670179c,NanoCore,exe
752faadcef0c8a53370583cddec408b88b0922655e260d424763ce00f08b91d4,NanoCore,exe
7e0de4a54fd3e5c74bd4cccebe26d3e7b141e493edf4a2df59b9ff6e228999e3,NanoCore,exe
10e23ac0190ab98cc4f6c851045279038a54dbaa1d30ae0ac6fa16543f7c0d1d,NanoCore,exe
ca4f1656aba1663031fbe1e09d5b1e1ca6e2ce9ab984bedc8cf0a75ae37f7a01,NanoCore,exe
f75948dd2d03ba9ea853be45c0645b0c25b9e8109f7244e920a5c2569c67ce88,NanoCore,exe
43ce1771aedc955acea83777eef43569cf8ccd7bc9fdc03abcd223fbddab3769,NanoCore,exe
6920a822a55ba23f01bbd991875c21a6a7e4977bb4fd96f0b9b071e6be221d3a,NanoCore,exe
865983b972f9f13e6f555a15aa1831e936e347691b6704fbec8a7c77296f4d98,NanoCore,exe
64884e1854751ea6e8971e8de277d184ed50072926a1dea1e4df4caa00541bfb,NanoCore,exe
d337ba3b1ea0946b50973a01b66e2d9e26c6693109b6ac196a43ee6e20300e4b,NanoCore,exe
57221740ae61a5958921f73b0f14e2ee2d4af79629139f935ac828f325ce5786,NanoCore,exe
a41acf294032b38643e10298f66ef056bdcc41f02545f4e71ec20463450d9def,NanoCore,exe
6f0219fb619845864f18d8dbe093e323fe6bd9a314e10c5affe9549024029b70,NanoCore,exe
74bc14dbea1315b1d953c16382b3373233aa245b9b6ab5301a9f6943c0a67887,NanoCore,exe
2011c98d44911abf78217ecc29dadb6c1dcb28506ac4970a1937eee54ccc31af,NanoCore,exe
063697f8cbaedc2a31af56896c9c2f2ef23c1bc5f8d839aa2c304daf8f809926,NanoCore,exe
8e13eaba6888b0e7638c7d1adfb208e6c6f2aa9879a53e519aa1741a7d2eb546,NanoCore,exe
798138899fae930a2eb5d70aafd8ba622fd1674fec571e282e9c9589b39cffef,NanoCore,exe
b8431716195045f269fabd7d4e58fc37d24281a7bc0e4af3ce5424276add5792,NanoCore,exe
ce990051cbbec61b7e5fda012e29bc9776d0f298cc586c20ed13f949f34db37b,NanoCore,exe
2e16f46c063ff79af0b312364375706e98674b5869a4c9bb9f96a14b77277c5b,NanoCore,exe
c2c8ed567f9c65686c4f6599e9259bd31d2ad984c24cf17ad9ebd9d594dcb0ba,NanoCore,exe
ef0e9301403d58a4729aaa9cd81abf942b1c8a301a651b1512bc2b5d9e599303,NanoCore,exe
079009c21d829e6f75f22268cd6904c370f337da514a9a3ffd0ad22574a57772,NanoCore,exe
60df9a8efe346db5a354bfff4be34e6db8130ca84b6359b92e9125bc4ff05d4e,NanoCore,exe
1151e92ea0cf27378a52cac921ad761a65604500655fe7bedb00963e08fa98a9,NanoCore,exe
202dd2a2a83208c237fcc87f2a077792b8e66815ce36d1dcd9de32a5f3ebab5b,NanoCore,exe
80c1968fa91f2d3b7ba9e6351bc721ee1bd69d8bfb7884e6e3d189f971a0f763,NanoCore,exe
03cc05b4b99fd3e65d611943677109c0fd257d03b951d8398c28978ff71d4a6a,NanoCore,exe
2b2dae59b0a8be1636c89590c7d24359985c24816a5791d5a5c83036a29e431c,NanoCore,exe
c211109b368eebe5fadfc58540b8ae6c7a33d820a6e5ebf99bdf09fc7ed98d05,NanoCore,exe
068725e40de440d38d02f71aea88ec2d28276a98e62b2f5b2659d981c1c11798,NanoCore,exe
08342741445b3dc78de149eeb7bccaf5e5ea76d0223115c3113e6c73bc333eda,NanoCore,exe
28bfd88c31c2f4c05bde5507d64e7362a1b9bb7ca98fb681b00dd9d9f130ce27,NanoCore,exe
e0ae92bd6bb5e2a93c8add7b0368b83dae551c72239286607e2a3c2df54a8b7d,NanoCore,exe
7d7e966289ffed9e6b926987a1ee6503c2cf849fcea70e81ab6b46d2f32b358e,NanoCore,exe
daca3e60559b1aa57161573b0498de596866fb4eab3785a09fd6daf03bde2f84,NanoCore,exe
2b69579b89634572da0edd8f119d68ba091b466be5c2088a4b36dbb07ef10202,NanoCore,exe
aab80214da54b65baecac6b1e7cb7788850df3471f4ef5a0e4ab9a47e8ec217a,NanoCore,exe
b10c618e09dd6af4f8f61b52309d618c91fcf827c59d33e648fe2422223660f0,NanoCore,exe
612899ebb8b6febdf7a857917080a6bd2445c8cb4bea73c260b10e58e945d966,NanoCore,exe
98cebf241fcc629798821fcfda1e3d1797b66a3db13986dbfeaa2fffd2406ca0,NanoCore,exe
19914e5144ebeee0f12a9131e7a40507f34fdf56dd9c492761d186cb43fb9afe,NanoCore,exe
e88504f2b5ae3faedb4c1bcbee4b92ec6270294e015d47c1e5040c37dcf4213e,NanoCore,exe
24efe51c32a2017f5ad0aab43a2eb099eaf4379846f1b4e8a62093338ddae517,NanoCore,exe
e913c5f78dbe49989518ee50ee56cdb581a16a16b5ebb2ff567d526b238a0fc2,NanoCore,exe
ed5ae89423928afe713782205febe526b52cc7f54e314ee7e691ad575953f830,NanoCore,exe
59afd76ba4c60df30d59b1cd3db92f203040ed0d4e84279434bd702c919e9273,ValleyRAT,exe
c6ea91b2783f566fdc1992ee1a380f26d358bc4a9e25f9675494aed0d069f16d,ValleyRAT,exe
2ba4a96cbf7dcb0230d0ff939ae5f257fd915bd780dddfbf0ec262842224c402,ValleyRAT,dll
1510cc532b57e79000e7ce51b86809582f11300e118d4769d256c31de753dbad,ValleyRAT,exe
ca3586dbe56a8300f9e34ce92becc58e12f4612c3d48a324136c50115f1cb23c,ValleyRAT,exe
bb1cb60ff6eeb6009668354fe7af609a5495d1aa8998582f8e819dedce833930,ValleyRAT,exe
a58321399f8aa6098a602e0336e4e3e4910412fae67f35baacceb90cf93625bc,ValleyRAT,exe
1bee14b1afc29e401d0f8f6e559cab82d2b40c6fde24e38bcaf70631795fac21,ValleyRAT,exe
8b2be6abdbb3062becc9c3b73c9148e06f623d0a3dc44df3775c05ee7355c5a0,ValleyRAT,exe
3f72211404ff5670355048653520db21461daab20f4b7e09aeb1fd987ae1b939,ValleyRAT,exe
a30f0643c7c07a9e014cc5de5d5cf9c03489b61660bd3783efb030f7c52dfe6a,ValleyRAT,exe
5665f5570d006c5d08e9dfac4dc1eef5960ea07c403ffca33e88da564eaa0c83,ValleyRAT,exe
3441e8dc5855680eecd7b9795d918ad23ec48a718a1a874979f2570751d4ce12,ValleyRAT,exe
48128cef70f3eece01c4a8177c32af49286020ea0f9f2677d55811011043b872,ValleyRAT,exe
d9d0358f38c29773be0f27e38f827b4985e025fcd422f7b15018ee6766b01efa,ValleyRAT,exe
1cd5cbbd5684b64e77269967ca56e58f8c520a3b4b30eef3b7fac31a6cd671d5,ValleyRAT,exe
bbfcc27dfcbdb84ba4394883089301d90e7ab9523e313f2133ee5bf5e4099ba2,ValleyRAT,exe
96e5117b89a7f3b20cea680ebd4fe453715f4022a2cdca394b5a2c23aabe2361,ValleyRAT,exe
ca473d07c0b673ed40ef1c5584a87606b6f67b0d37e71e3b43406acfd7a19ef9,ValleyRAT,exe
326bdadb9da3f7087d717412fb407f89fa2faf0df6d0b56307bc56b3ad8a9cf6,ValleyRAT,exe
2a97e8ffb5cfbbccd8e2c812fb6f86769ec014692f9bd598ad446c096630d577,ValleyRAT,exe
a1bebf922ec25ea218d165605716c37a5536b2b046fef5462b057594297db2ff,ValleyRAT,exe
0ecd4eed4e6933a51dbedfb4927b330135e0df7957e4e1eb6c6cee939a5bdec4,ValleyRAT,exe
e2faaa60c6b7dbfa1f677b72458378b30fa071c38cf375ba2fd55b89d4f85fd0,ValleyRAT,exe
1603899e2cbe71abad453b7c2735a294b93e23e4bedcb9e9f8e74b08b2564efb,ValleyRAT,exe
66c2a3817bf0639b0e39dbe75f906e5f9a571a4d63e454c6bd6cbf11243e5bcb,ValleyRAT,dll
4779855cc4b61d1a576f0a74f85098d6387c0bf0f1a48eebea229f975bee10a6,ValleyRAT,exe
743b0674221a41f64fc52cdb62dc0f9abfeff460ec6c5660ceb2279f7098a0d5,ValleyRAT,exe
200d9f5d041c870e69f73da32c753a69096742c33e2dab65299767ac31578267,ValleyRAT,exe
b37ebc9801fbd25c66d48bf254b94044c24952eaed80747bde1828d85a10f167,ValleyRAT,exe
5f63a3d786af6fe7edc91b6c9f2734eff3e0959302c2717f1268764ac13a89f0,ValleyRAT,exe
77e89f5a5e5d40bff8894fa36ab166e2ce699cfd4ad263f1db2e229764f53206,ValleyRAT,exe
82218c4065f73f6b07220b8dcb9185c0669f193ecfc3ee75fc8b36e72abfbdde,ValleyRAT,exe
9ab135ec9d97c65caacdc2cd1ac166b7f491d8ad0635b3bd595a244ca6af9795,ValleyRAT,exe
7e27deea413f5c390fd790423de9dc552a1e393187607485394044c4ddc85fdf,ValleyRAT,exe
2542cff54a238a232c25b23ae3fdec02ee6919c9070f2258b0ac6be2662b7a14,ValleyRAT,exe
dfd3f78b3313a33136b499ec4c74594376b83c9df882a410c95a6f41d42f41bb,ValleyRAT,exe
9b1250b299fdb88e3ba6b9b3084851b9bcaffdeb202a85b02d20cd9a761af21e,ValleyRAT,exe
5a870518ce64edd9ba7185b1e3686fdcd7a4a13df7ca4835e9a68ae0f41caf7c,ValleyRAT,exe
58fcc9dbca00abb5401e0e0c23dfe355db017ecbcff6a866ceb81ca444a86d76,ValleyRAT,exe
a7663397f98e1f860b03f8595b9652c7a9c5b2f107013a889b5c7d150b38d2b7,QuasarRAT,exe
2e6fbd142bd5622d2415adbb479d091d322e2f28e91ddc20e3f8b59a26b42a73,QuasarRAT,exe
86ad203b4dfcd43bdc93bea91e9fc01b613e4fa755fcf3b298e8d1e74e168009,QuasarRAT,exe
af4bf0887368a86ea9b3efc1c215c1e59c663de1288777b67246c4b641897bd3,QuasarRAT,exe
5903092322871269cb4c72fd4bc706a7d7c6a12c4422e92d7729cb082a6013f8,QuasarRAT,exe
1f2b22638ddb587f86f508aaffebc0f0eb1acdbcf783b92260e819d2be9cca2e,QuasarRAT,exe
822d5678d27c0da20502968808cfa63ac4e3fdb58620fadfd0c9f4ccfe3a6625,QuasarRAT,exe
91be91c391126d56488726e79c21e037fe31d0225ded2ab3647827a1caf4c466,QuasarRAT,exe
4cf1a43a06108184d1ce4fd1c2dac70cdb98fdfb168e0949f84ce88a1e437a00,QuasarRAT,exe
b6120aa7ee8cf2475648b7b8a287275e63e4a657b30694123ab8bf47463d5477,QuasarRAT,exe
d24d7f47e5310f6c677c87815b935eb02d8b3ddc18a03f431dbda8dde82ab100,QuasarRAT,exe
160c8b49da5574d0dca62e5e9393238b3bf1991662347aa29cea1325f5e7fc07,QuasarRAT,exe
591724c3ba6313d16d21196d60230ed5ff414a50cfc6392c8a0afac25c64947d,QuasarRAT,exe
efd1e9646641faebb9273e578cc09c0c87b6fef6164cb3e539a3750688a90bfe,QuasarRAT,exe
bbfb1b5542f73bfd598e587ccab52da52ff59ff120708900a0a15484deaa18fa,QuasarRAT,exe
4deebf56cf37840df28dcc8fbaaff10223300a0834f564aff2b89d3875abd900,QuasarRAT,exe
ba8d38575e15f2a8a3c819d3f2e189acdf9249c99240236c8be4f96d7284530d,QuasarRAT,exe
aadee5080f4b1f68d333c96fed75bf3d1fc2ccb72648c3f675d28ab1ceaa02f5,QuasarRAT,exe
77193b76e7142383c2fb8f4c92891fa8eb0dd0f50ed206532ebd0abb93da9bc9,QuasarRAT,exe
7458c325a91844ae1794fd54ffbeb33e8196123065f84e6174aea7a38a6dabb9,QuasarRAT,exe
730d9312762818104177fc76f9c9efd1a2207f294538001e441a8cbccbbcbf04,QuasarRAT,exe
62f608d61b28702ca4adadd574f3761c79860bd08da402e3129ab19176f7da9a,QuasarRAT,exe
1ba40977145dbff6f52243c28807e08847b5675f4e835bed557ed04ad37f40cd,QuasarRAT,exe
7cc18c8995f128cd34217627dd67041d6ba798bcaf277a38c9eec3ae8b5389c5,QuasarRAT,exe
0464caa1c45cb753db25a95a30ce0b6814650b6f839a07cf8c2afdc143de7216,QuasarRAT,exe
007c13a26d76a1281519960109bbf040ebdf5c497b00d4ffe0d0ac417cd8d33b,QuasarRAT,exe
00f1da323b1e36d3d24e3a06378dec95306971fdb7f1e1a760b079db39b96365,QuasarRAT,exe
1059c634050e3695bd7a7cf3c2fe3c0ed47ebd80d6e45d0a0c0a9dedabc2aa09,QuasarRAT,exe
a3b3c9e9c1c68df7a1902750cef695b9b5518f19c5ecbb8e3796f5b80468e361,QuasarRAT,exe
c65fd4c218ee4f11072c79af6e6663c9694cf746fae75641b6b75db0ce7d555c,QuasarRAT,exe
9ac1c1dba1be97cd28dd88c4c8b33a7cb08d7601157278e49433eb9b1c283cf0,QuasarRAT,exe
66d2c02801bc9d128092bbcf3cb4e176c6e4e13d994167b82591c61b39c86c90,QuasarRAT,exe
d5b11a1cb3ada393252b8961fb59295d5a7327bae27eb9fd0b8d1a7a186646b7,QuasarRAT,exe
0347df42837474af34bf984b151e6d34bc46c02082ce01a36296d384a1244e52,QuasarRAT,exe
0a47be7287819c40071eef9e3a88157647b9c79918f5975ff5ee27f7e0250abb,QuasarRAT,exe
23e04d32fec762b39dfadc746ee73f22ca83580f30aa8c69fec24afe79f87320,QuasarRAT,exe
b735ba784645811d1a8f965f7094c68465c8bbead033a5f9ef612f1bcfe9d454,QuasarRAT,exe
bb9ab94531de014f6561768f39cd059c630c5ce07828d124fd5150bcd70d5b90,QuasarRAT,exe
3c742975836a7071afbb7d23820029f89a48d99f79b85291658a710eb096f9b3,DCRat,exe
b6973c2ced99ff4ce53c7bb7b347bc891955c327efaefa87b68e95b7c0bafd31,DCRat,exe
92598fd7f0d08b6ed7534573448bb262091b178cb63b436e399a6a1b04596e65,DCRat,exe
b5507c0876b636624bb193212240bc4beb5e4570cfe2790394280cc1b840d478,DCRat,exe
128f0268f56929b273a39926e65462b7dd980d39e1a613465a765c191d9a9099,DCRat,exe
269ce57860dd8c1e869b5d84223808f07d15442eeefb569042fc1f788ed56e7a,DCRat,exe
786e0c6687efdcbd8df6d684cec5cda3b73aad0665d1f6695e79ea75ba72b9c8,DCRat,exe
8fa7c3818473d8a904cf5652a4fbd9ba96795a2e82b8f189d870ddb9a172353e,DCRat,exe
947bf9d7c04554915b4c68b1152afeff923fcd74ab718e9c63a603fe48a7cd1e,DCRat,exe
99b6cd32cc25ea611de1e0fe5d5b22b201a7e885da87ef1031988dc50986b562,DCRat,exe
88bb1409142736abbcf6e6c28c1b6ede2fb286dcc2c9aadbace50f54a6c45d5b,DCRat,exe
223733ec708531603b51bf10fc3126cb4dfd47f4aaada4a75acd168eb06b9d50,DCRat,exe
f6c1c1181b5c2f5a0f55544b9252c7ebe9102456c8307ef883cd201b0f840711,DCRat,exe
3e4552c5cf58e0f6b66d1504465a9895f42bf54a1b82cbe91a479971469ec2dc,DCRat,exe
07298425bee226d4d690426615379577339bfab3fec6c69baf2855c16b224430,DCRat,exe
d215719dfe941d851cd23344f229bf64c7a50994b334c891ce15b127ef433510,DCRat,exe
4d848fea50957af3d27e074433858402fd2bf9d61ad0ee532e0416fdb4a9f6a5,DCRat,exe
1b85830a054e28f28336d16a2ee6158944fac131c9529afc37bbdd19252e2b45,DCRat,exe
c1307b6552f49149edaeba50fc282fee96bce85985847fc8280c3f92206968e3,DCRat,exe
91101f9726a0539d7084d2cc4bd6fd9087f38e41edb3cf3db74551658650dc18,DCRat,exe
165b1c1b49febea0873894eeb6c808170943d02da8cb7fc3fffa636528b339b2,DCRat,exe
e31f76e7935eae990cc580dd463b057d8d8259c04156f8c9b8fb374b42e43a85,DCRat,exe
938743ca619fae52348a4908e7b112c0c8ec9bc9e4cbc2018fff85a7abc709b8,DCRat,exe
1ca676cf77bf3d8d1f69b16016a3f722d501072c5d4111ddd8e0c96dc6a23608,DCRat,exe
293e17c6d9ba1a21c6df2ffa65090605ad7cf9ec932525156f70470a574780fd,DCRat,exe
53473fb59509bf2f5ee0022bfc20f20e66165c40ac8416a9321618de11de559d,DCRat,exe
66112715198d24f63a299bd8074989cfefcd45a3c1c985a75e438f66d4ec0165,DCRat,exe
b24fbb855013caedee3ba35cbd5567ecfc66cc2f89c0b50799f6ade0812c31a3,DCRat,exe
a3e2ebe61e67d7a688d085bf0e151a54bedb286db63b3b599d10bbf218efcf2d,DCRat,exe
45bf0ce8cfa46597f7466afaa64a91426305660170113af7ea6f6387cf2b0e38,DCRat,exe
1888f46e4b458671359f8006b57d8e2b9fe94c2ce08b8d33f7910947ccf43bb7,DCRat,exe
d2d8c3e06c399369792c86c59db008d6c7b6c474041f90e79ec1e19dcd49a3fe,DCRat,exe
aaded591ef03e4240cb99b86eeb6f7cb0b862580690dd67d6171a8834558f93c,DCRat,exe
e27612b8fcea6e08c9f6fb9139744475affba0a2381d47ae20a7c93a39ef8ec4,DCRat,exe
0ab7e57a2c44eac46da853a2bc29149d4a0474528a211d3ab57b72f5b2ac68dd,DCRat,exe
86b5759ae419ebc332bd106d5fe4710585c1049a399022e680d0a4484b79af8c,DCRat,exe
5270663410266dd8d172b3232365fe4127979342f96d78cfa8a020b9862ed22d,DCRat,exe
1a1aad011a7b2f4db94fd1749260fda06e91c639c45835233e769612b50e2ce1,DCRat,exe
180555e4cadadd6a56bd7fff0b068dbc77070a996e6b3b624ae64a4f5d535d4e,DCRat,exe
f5d7a1d938d5c1e28a93b42ce1c8e615aad3b6f3c18197f0b0a8576954572a04,DCRat,exe
9dd8f8fa41fb24f9525b2f6d6def5c95c316ee6654b23a83a963d889fcb5d323,DCRat,exe
7e1ddc85e590fb78e99330fb3ae333777794de8013c5436bb7b1bb4b2d3dd54d,DCRat,exe
7d8f5c1fd340e6ba008bb376f2356b14b4abb2243283ea2eff91d6bf9338509f,DCRat,exe
0c18f05173848fa221931c19fbbb231bcb8f2e20083187fb01ed6a468f4ec959,DCRat,exe
2bde6786b2837e12bed22cd99f9f83fa1cb4623163e2e38c6792821246d31362,DCRat,exe
722f00dd58b96c7f2561af562aa921bfc6c439a23fd769e5885d6affdae6faa9,DCRat,exe
ea5bf6fd34986ea7ce7e9f9207742a2dad04700f23e25d2e3a861315503f8a2a,njrat,exe
13dd71dc712256f0bf365439e1b814f17347f5fa797577801afd5bc334349532,njrat,exe
88a2c9db752d0474d3acae63d3a5c7059051460c588142ee8d0769d9765ddc18,njrat,exe
e8c84a21131672927104f8a91d1062a71351e97e3052dd1d3ca04b7b73b6e37e,njrat,exe
afd4b76a1c8586d6c9ceeeca30bca4a00778b097a957890c5dbafd76ae8bf918,njrat,exe
d942110faacaa112adf64b854daa1381da74a91f4f5790ca710c9e082fc98151,njrat,exe
40c9663ae7ffad4448bef4976cc1458253420eddc8b816ea38dbe3df30795301,njrat,exe
402c40bfac55e78f3f04b4a4c8dabd0c3ec576da95e2d932e051a0781ab7032f,njrat,exe
128812f42943671813f412898819f32160670cd9f8cee5aa1dfffacbcec2a03e,njrat,exe
ba3ae937bd1d826fe270ea22b138974749aef0401d1c51a746a4c5e7cc382db7,njrat,exe
dd93fbccfaf0441c1bfb0c43cdae16b4b594fdcb20e23e683f04cd238753bcbc,njrat,exe
176391a93111502bc7f5a02ab8441d2308ed59a9c4503e4d34907f9055480ab0,njrat,exe
000f85d150af662ada1c4e9208c783ccaaf7283134bce5ff99723d07b3deb90c,njrat,exe
33657bbc3062e52c00430069482bd6075b8d5c3b1f70affb8755b4d7a3d082cd,njrat,exe
43f8759b645306ae5a89ed8643d774648fc348a3aa6a0f8f4b0aa929ec203440,njrat,exe
accadfe65231c7dea9502fc93f84a57550d9d814ca99d5ebcc8822dfba5556aa,njrat,exe
7344ca2be06c797df34455ad4b35bb13278be54ee1ef969487bbd2ed79cdcdf6,njrat,exe
379e6cb508ab23ca6511d455a4afb0fc19365d97d865eae48cf8ed581cf58018,njrat,exe
ee37453b402211e083a686103904cbd5ef94f884ead23766ed8855cb1591bad8,njrat,exe
4fae5a36b111535ffb0b3d0ceda61556b6bafec8e20c742c8c5902dd54620f46,njrat,exe
cafafa6e44ae28fbbd219a8cd26d487d50c2910409c8d9854d937f137e458fdd,njrat,exe
b895b13fe9541d946ac4a48d0f4d69733f814e7f5729264c2546844bec03152f,njrat,exe
4205d7fb94e2f9896e18546305528a7edc46766ce9d220200b3e4d82228f463e,njrat,exe
1c0f7391596f096adaacc5d71a47ff47580f70c51b98603ccc9c800f1247fca6,njrat,exe
d33bc5562efd56b00f113b3ab4e63a1cda9e675a8b96aaf8d5f68457985345a7,njrat,exe
90d4826fc5e132f29e7faccd5f86eda124fa1f16fd1c1dffe090c985b369d496,njrat,exe
309ec9ea0e7c9580b181da9c4c87dfce070912789b6e25596f85e814292daf28,njrat,exe
9e17dde3e5e3e42df2ce8cda96f127fe1a50f84af67884153c20e041b8fb4a7d,njrat,exe
c28cd2941ed3b70c5d241967b1fb5a76c5550187127375708bef1c298dac1216,njrat,exe
667f1f97d015b53c367e228ccef93007fe58300260598afcc85ced93854159c9,njrat,exe
a998e142ad51d807c2aee6d835e12d494afc93f402559f7bbe0a3b18310f4652,njrat,exe
47d7b42aab30724bf3a1606435a45aeef2dd24ce8e9d6068cf3e2d859a7ad65f,njrat,exe
76c804b973ff4a132220ec7fdec34400e8365effdd9fcd84bfeb71cf2bba1448,njrat,exe
f7352bc1213a3464d7abb529acfdfb8a6e272e77a8e8f88236ca70192635d02d,njrat,exe
397a21465c3a7489bf6b5322732e174cd31874de18dec638d3ebc5bda0362004,njrat,exe
c4f1ee7a8892d17270053520167f3861c36e0c36a07968e79fd407f3c30fa7fd,njrat,exe
5351806e16036f24f03effaa8918cfe998261fe26502c666e493009ba437e864,njrat,exe
37583d1fa739505aa8918110340d06fa4cd5660be5e6b5e4c2999d8b57951209,njrat,exe
def3fe8d07d5370ac6e105b1a7872c77e193b4b39a6e1cc9cfc815a36e909904,Akira,exe
fe9ce5213926fe31b6d7f6f9411ecbad6e088f122b2d33d4ceb54410ccf8182f,Akira,exe
fe210ab25c1e0f651a93f0f4c5f64091e0e3d45ba80924d9c5dca8339dd3024b,Akira,exe
636feebdc134785412571bf29231038768c81ddee60ddd15e7d928754011f898,Akira,exe
06c2a137c31aae5d02b4d7df61ffd31f1af9a9e59978f15b3f7265cc751bff1f,Akira,exe
fc2b499708b2d20545c140906b0484546c8b3ff21341b8a5acd18f2063fa2bb5,Akira,exe
6e1c3a2825b9121f4553114b9500f41de6bcf38a2aa42f87dbe789b993dbade7,Akira,exe
aa1f4e8e7066b57f594ebed05e931932277c35495ba407f1f97675c6ce4be5cc,Akira,exe
d7959a93b70f0a1bb25c08da1f2ff2298e3e6934e7829e5ed148ab8565f59572,Akira,exe
c8c7515ca777b92b6f6a355e0ff5d0f4f712bb13d6d5735789a09fc3ed7de8fa,Akira,exe
cb9d4202d4f495091a046b7fc3fdaa9306343b8402b741a45e3add7cafc95eee,Akira,exe
4afda03ddeb1c62a1f87765ea383f920621134c3f6362959cb9993c24752fcb0,Akira,exe
2a9257c6c74e37d051f78ed5abaa620b71b27fa3604798af077256a128d911bb,Akira,exe
2afafaf2823e9918d17cdca28648ec94e4d7eabf95b936342456a75be0a1a658,Akira,exe
2b00a02196b87445633cabde506b4387979504cf60955f0b40cf2e4da4f0fd23,Akira,exe
2b28270c1675990a2c78b31faab547fb75948dd1c2b22e892377ee5e40abebc2,Akira,exe
2b8b37175c09c75394bfbd5a2cf1eff28a4956fb3e7c6f24ea53c1b966d77153,Akira,exe
2bfe3fba2e94b1a4f8ae0ea767b64084390155bb4d57cc39e13c15b181f8d377,Akira,exe
2c10cc96f48839b84954e88cb6f85e5c15442f4d15c34213d008e859f87f7261,Akira,exe
2c4fcfd351bae11ff7f11c5c94b7bf60e7cf7b602fb4feb68cd3fba9dbc85d17,Akira,exe
2db4a15475f382e34875b37d7b27c3935c7567622141bc203fde7fe602bc8643,Akira,exe
b3b8b39cc3b28c277b550d2f252b7034236c677f545d6a35e468be758aa5007e,Akira,exe
ae1c7bce774a02f83cccd38cbaff3b1a99eaefd06e9978e6632e24e578f19fbe,Akira,exe
1d9544d087058210e84a0ad9650f99c71c85222d6b18e8ea89c6d2eb15ec7543,Akira,exe
1ed8c04e2e91c9db7b88f818cc7d8f043f674d1898c182b6390acaa9fbb251aa,Akira,exe
1fd9f2cdf2ee55d5d91e890c6a16e468f576a4e97747093204ffb122eacf2a27,Akira,exe
2084ab8f92a86a37a35879378610949e21ea7b5030313655bb82fe6c67772b0d,Akira,exe
237d3c744fd5fc5d7e7a55e4385dff51045a1c6d8ee7346a270a688ab3791d49,Akira,exe
25a6758df930b32eed548fca56735f0ddde442b5662e51c625eadbbaf09c9e96,Akira,exe
27009c0abd2709cd5cac4c0135b8f3bed3229b0921601638ba9e90713ede91ea,Akira,exe
2727c73f3069457e9ad2197b3cda25aec864a2ab8da3c2790264d06e13d45c3d,Akira,exe
0ee1d284ed663073872012c7bde7fac5ca1121403f1a5d2d5411317df282796c,Akira,elf
0fd6097b0b306b736249f108b9b51e1574a11c8de23d03b7d615a48ebb0f5139,Akira,exe
101bd45ab673fd6547386dff4339f1649e61b9f5c318260d365f766fbdc2d3c9,Akira,exe
176493de8de0284f0dc05ee75fb849ba27ee4a246666c508eaf003c2ea83a6e7,Akira,elf
1ba1ccfacffbb6be9480380f5535a30d3eee1dd7787f3c649ebf8ea2a6a5de51,Akira,exe
1bc4c339b1c0773a649234d4b85dd1929c0b5d2d0cd9836c7ad1d7491372f9ec,Akira,elf
1bf45e64429f10dd0978551f06c92af4ebe38e27c2e18fcb60e7c8145f54ead6,Akira,elf
1d3b5c650533d13c81e325972a912e3ff8776e36e18bca966dae50735f8ab296,Akira,elf
0273f8fb4c836ff3778aebe80bd1949fab951ff06b47f516a18c08b296ad27e6,Akira,exe
030db5fb2a639b0c1a63bbd209bd1f043dbc4dbb306102f1726cdd4a6500fb83,Akira,exe
03aa12ac2884251aa24bf0ccd854047de403591a8537e6aba19e822807e06a45,Akira,exe
049a593fd540d78840d000d2fa6046e8d28279376ef61e5ccc8f74dd49f1c498,Akira,exe
05b9f915afb91b36115a25cec09270f2119922488b9224d8b3a49caefae54ab7,Akira,exe
08207409e1d789aea68419b04354184490ce46339be071c6c185c75ab9d08cba,Akira,exe
0b5b31af5956158bfbd14f6cbf4f1bca23c5d16a40dbf3758f3289146c565f43,Akira,exe
0c8d5f2b94ca60616d0db69f31cf4a651ae816e44ef6f807851601c1a4e52d10,Akira,exe
0d700ca5f6cc093de4abba9410480ee7a8870d5e8fe86c9ce103eec3872f225f,Akira,exe
0df446a893ef448ee4ef32494f6cdf9b04a4f202583794f75a7a7a9ec25d41cb,Akira,exe
02b49fd8781580e1f25034c9ca89d7989729f6ca898579f434cc6122247b7c06,Akira,exe
89e0b349ffce6895b098992dde220fb813dfea443d6cb36e812c6bcfad423b1a,RAWorld,exe
8e4f9e4c2bb563c918fbe13595de9a32b307e2ce9f1f48c06b168dbbb75b5e89,RAWorld,exe
9479a5dc61284ccc3f063ebb38da9f63400d8b25d8bca8d04b1832f02fac24de,RAWorld,exe
9a56a47e13dbe418f801d9c5f344d56722eb6ad20a068a63674cdd12683b547f,RAWorld,exe
a13ff5087063e8824fe9ddb4cf8cbf90cf6a17e6ac4ae02a3a6fb73f23128ba6,RAWorld,exe
a272ee1f73060773959a897d67e565f19c726eab0e20bbf2f78203f61def72c6,RAWorld,exe
3c3088afd47537d8504fc27f2bd4a6595a000c504c8725d38cb86d3db8140ca2,RAWorld,exe
3e3c7d3f5f93d7bf260aca7612b4dbc5d0e90992841f7e6826d7fb7fa3abe044,RAWorld,exe
3e5ca77f299d56fad7ebca8259eecd6f47efce6265e8ed621e7b7081f9230cdc,RAWorld,exe
3f6a4fcb128b0902fc67c2ac1903e3aaca121c1dcfa966653f721285f1179bb7,RAWorld,exe
3f9e050d060f2d89dfb871b83821ee1043407c047ea1dbb14262a1618a87e530,RAWorld,exe
4013e314cfd935fc5cbc21c5e94bb557ce256014db2c625719428f262da47ffe,RAWorld,exe
40778b070a715f834b207502b3f68149a79c2e0e1768e52cd5d229ddac465093,RAWorld,exe
429be4db8de74cfa0bcd67c8ed483e3f7850fbd3ebb38d51a73e983a93a01978,RAWorld,exe
4bb997d7f0f3ff1b402bd364782af6ca764e79705fbb6de3398b3a1c88cdcfee,RAWorld,exe
4bc3171fe1554b692841f7ba5104d41956fa868c4c20bcce4c1b4fd942fb2082,RAWorld,exe
4bd1b23b5554f039306b7a36094daae65bb8ab2a92a930ad00938d5b94ad0144,RAWorld,exe
4c0d9c8d1b4b7d4ffe14f7bbeefe43e938e6a9db9f8c3534f060aebabfa10692,RAWorld,exe
4c2284adbb5851e27c57d50dc46d217c718c97575bca68bbd8679b31e8cbcffd,RAWorld,exe
4de64b80ff54661d8aa17cd3c8d23e170c37da5386df9ab850290713617dc277,RAWorld,exe
4edc467b3a705e317949e72eb2f76f6fd4c871a0d2d294b5ece41b0e7360aaea,RAWorld,exe
4fb2dc61d4e881deb81b98fb38e3495e103f4d24e62ebb6a52690bb59bda666a,RAWorld,exe
4fd5e4ac8016e20d499fe1bc7e7323d397529828647ab15c7b218dbbe78a4b4e,RAWorld,exe
513abf0da6ab016dfa333c863dff0e7c1ee86601884abef87f09de0805af1594,RAWorld,exe
5161b4be5a8ed4a9fc0e551fc370447f68b331f605bd8e4317770b1228006023,RAWorld,exe
51da3acc6c7089bd0f1df9d9902e183db0d1342552404c3c1b898b168399b0bc,RAWorld,exe
dc2c62c6973e955dd4bca88f80802d264320e4a00fe3740ebf31367cdc3ea74b,RAWorld,exe
dc4a6c00113847cf722a40e412ba5dc01c5d6fce285d473f471c6c1917c51027,RAWorld,exe
e5b4e81b4a343ccac0cc4ffffe00505376c6344e4deef0bf9f47797aa88a77df,RAWorld,exe
e750204649232c03bb2b093916a3f98b79b65118d69a808f920c8515a3ec47e7,RAWorld,exe
e7c7544749f15087c9da62ddd6673ee4de7ade0b855d33c32b2b700a8a29a4a2,RAWorld,exe
e8b5eebb78b19288a768f95ee536411e5851e501690df7d088f0989848b8c540,RAWorld,exe
eac5860c5ab21c42795c68268aebd7a1f6ad6e85b1067f2a0b1ae990949514b2,RAWorld,exe
eaf8b0fa53d98296c308d05f54fca99877849be352f245fcdc397199010b0829,RAWorld,exe
35869c0b190a34b9978856dabf6ae6f30b191581fed33c6b525321d6854b2ee8,RAWorld,exe
35ec04f4ae6a7cf8f62c17c698f2377b8855e41cd9cf81fdb3bfb6fab3fcd5d1,RAWorld,exe
3684e19cb97cf737ad719c56f62266fb72cb5170918dbbfddf2e141d23c92bf2,RAWorld,exe
36ce5b2c97892f86fd0e66d9dd6c4fbd4a46e7f91ea55cc1f51dee3a03417a3a,RAWorld,exe
37262a3bd85577f6f688659b451d9124e52248a42a69644ad5696c0006f5abcc,RAWorld,exe
3768a188e961c574792e578b86ad7616e726714aaff1e61ee61bf0767857b626,RAWorld,exe
37dcff64f4173e57fcb53ba5bf52558ed212389c2ee8a4e2c9807f48c3126ff3,RAWorld,exe
38263d5d34ed82028ea2f415d89191b3ee41e07f95227c16b0508aff996a3111,RAWorld,exe
3988d8344dc340563564d9548a1add9edf9972ce9396b9f77515b6699389a8ec,RAWorld,exe
39ca9dd6286713a76af0898244746828597ff8ae867e907576ab4c0442b1401d,RAWorld,exe
3b334eac956c7ee16ad0177a1f34292fd015773e4e17e5be86f2eed43c1522e9,RAWorld,exe
3ba4becd2055f8eaf571be4fb7f01af27f2872737918666ca7ed3bf18978b825,RAWorld,exe
06873dcd2edafcffe3daede3c6fe20ae461f50d46e808494eef17b7d2d0785e2,RAWorld,exe
06cac5834189eea0c42c6aed0acf3d9246798c80210af43714aec8244c25b212,RAWorld,exe
06cf663fa6a023cda386f3f2530b2d950c6baf6c1431382d91ed3aa65c59fede,RAWorld,exe
07608050c4cb42fb604d98bde59b93f727af673a6304047c2f4123a9a36af5c5,RAWorld,exe
cd27a31e618fe93df37603e5ece3352a91f27671ee73bdc8ce9ad793cad72a0f,Qilin,elf
363ab6b4c7f0e52d1242744fac16b26b66cd62fecffb27c5be2ca3644e1406f4,Qilin,elf
61f7aa918b55238278a1666cb723df9e3639d229d1027611e02ae3808ede33ed,Qilin,exe
f910b2a6d84d0677cda9aefabfa4a45863ba51a8831588e3b527e8e1d3a9927c,Qilin,exe
02835451193c2232094b591b7ef52a18786bae3232330839e63631f077f4946b,Qilin,exe
033b4d28791b318fee5017e79c87c974ee621bae3b137d78ff11e2623ecf78a5,Qilin,exe
381c3ed7a3b3d3017faaacb917c911aa266c2fb3e648f0e659222ec38148ee3c,Qilin,exe
5b358f7cb6c2f16badbb476f7fa7515d4c142a1c1c47e22ab058155aa3120ba1,Qilin,exe
650a03c40c45eef3590058c37de8ea2e978c9c69f289390b2ab89be3910549fb,Qilin,exe
d628914c72a4294d6b67126eb8b5a08fa4974d05469852cb7ef872721b207498,Qilin,exe
15249d8fcd6c59755622790123259c8a06a0a10d8ce4de66e394609cef2abb2b,Qilin,elf
a7f2a21c0cd5681eab30265432367cf4b649d2b340963a977e70a16738e955ac,Qilin,elf
1455a215def8fe3c7053a21e748d20bcef586014b3d000b9f8e64be6ed99addd,Qilin,exe
1e52d9f04f99be66d5bc13db767c6acb5f0515906633f76e5c713681af9454df,Qilin,exe
5acd1ff8da9958a032cf63fb27d5e4b71c201612461e039f44eb07b2cc6735c0,Qilin,exe
db7b88dfbc16f4798b30c135a1e305d11b201ca3d9b600f2b2f3306f0ad32b18,Qilin,exe
76dfbf622b6846653eff769e047efedc7a9fdbb00c939965d555da7aef460a5d,Qilin,exe
906f88817e3bf1bd4e800cf798650f3a309c81ee9b78c2a37d9118ce2567ae3d,Qilin,exe
78b6552fe4e7afbd21d8494dd19c056e16316b7aabdbaf746f5511a2dc2c542c,Qilin,exe
a58adc18c13c4c357039ee5cf5fa5e886a7efc6026350cb7087466d667b87263,Qilin,exe
690d584bb489f5de42077147b13d5431ef3cd36e429a90fcdfe02bc97fdbec85,Qilin,exe
9983e9559790c6df67dc78157f65ee42320a9914c0b2cb7eb4b210e50266268c,Qilin,exe
90bf9700d267b34aef7963ca51623daab9f4725253735a66e0a56c532f6b32c4,Qilin,exe
95bc5b0cf823d89f209035618f596f35267ba24401add2b2561ec795fbe9f1d6,Qilin,exe
147ad250400bb8c5ec2f7542afc82491fd23d665b070db03c17022ec969024a6,Qilin,exe
44324ab4fcfcac9933670e8969e7ce334ed0d8139df6b6101c003d94480a9305,Qilin,exe
8410f85c1710bfefccf0517cbbc91c0019073ced28d66539eeb596a9de8be1a9,Qilin,exe
f17c9c6b1f1e4434e2688fc0d25d0bca1efb89582c03028f787fa2b9f765c17a,Qilin,exe
f52567ef22018ee7ef696ec1b28b99f019552827445425dd08e98195f6ac56fe,Qilin,exe
340351639863a1c01eb0f8e34aafa2a5f36a7ee378c3cb112827ce3e9bfd7a87,Qilin,exe
96de53f71a914113dd1e0ab030b3e0707101af10bd6de3c894ee328d6f175e94,Qilin,exe
c3fec6dd70f15fdf0683473539f1bde4c24e1aa25d97555c3d330f77b1edc3f1,Qilin,exe
57e93d498dd91aebb7473950c12d8dc414aec39f6e3baa2a0b249649adf2ddc9,Qilin,exe
31c3574456573c89d444478772597db40f075e25c67b8de39926d2faa63ca1d8,Qilin,exe
6316417fcd979c39a4da672ba3521f62081ff4dfebb868ef65a1f2dff9a738ea,Qilin,exe
18550a8b193b52f8fdd86e9e8d66affdab001ed8feca5585065388a66ceebb5c,Qilin,exe
dcce9e235d247c1c368a85edc1480d8a5d8ba07413a222161bfc52632d6f0762,Qilin,dll
43691290ac03ebb26754203f1cc3940b32f036babb7cfab3cb14fe2128389c0c,Qilin,exe
55d51a57aa4ae7086e9eff4a33602c03f051464996af419c6c79214fcc04be47,Qilin,exe
60bc22a15a52fe605c337fd9b53bb6c1593c5c8deff18fcc2817ac51d0d300a2,Qilin,exe
f1f3fddcea2b7d98617aae0707c5bcaf6ea354498b3e77a8810c0cce702040b9,Qilin,exe
73b1fffd35d3a72775e0ac4c836e70efefa0930551a2f813843bdfb32df4579a,Qilin,exe
5bd26a1b8b7c11a04ab63b6cdfc35424b332747c0a8a62432bff8268bd966ec5,Qilin,exe
13fda99fae67bcb810c018c9db2913aa0426798ea818b12134da97af261f058f,Qilin,exe
0ed04a6f924b2757e64940fb909ae1e8b46eb7dcf377985074434a44c38ff64f,Qilin,exe
1c9e06d6bdf8d307a8860e5b47f8c4ec8ebd9e37e6b519c5a72b16db8dad2ade,Qilin,exe
4b3312a6e5be6e3afbae4ee89a7a50a27e2489678b7d66824ce7a83b3592f43c,Qilin,exe
4f62e909c14af137dc07d4b990c53bb28fa7c5344966b7b18f157eb235d0d796,Qilin,exe
5edb3f2f5789eca3866b7f5cdbde8016b2552239d2cfe5ea602184ba7071aa07,Qilin,exe
f3d09afc535097b0c5523579054b381e73ca58a2568e028fac0046ce73139d54,Qilin,exe
7dabe5d40c13c7c342b7182eaf7c63fbb5e326300316f6f6518b527d57e79ac8,BianLian,exe
8b65c9437445e9bcb8164d8557ecb9e3585c8bebf37099a3ec1437884efbdd24,BianLian,exe
93fb7f0c2cf10fb5885e03c737ee8508816c1102e9e3d358160b78e91fa1ebdb,BianLian,exe
ac14946fd31ca586368c774f3a3eed1620bf0f0b4f54544f5d25e87facf18d82,BianLian,exe
91ffe0ee445b82bd3360156feeecf8112d27c9333f9796caffcfda986fd7e9b4,BianLian,exe
bd41ac2686beadc1cb008433960317b648caae37c93d8c0d61ad40fe27b5b67e,BianLian,exe
93953eef3fe8405d563560dc332135bfe5874ddeb373d714862f72ee62bef518,BianLian,exe
264af7e7aa17422eb4299df640c1aa199b4778509697b6b296efa5ae7e957b40,BianLian,exe
b09117026afdd58f26c2a469df134f97a168fd881e2b7d4a16c3cc26527b54f6,BianLian,exe
1f7675ec795ad551a15fc45a8f4b8b0a948d7004dc703f46e20f3a8b763e462f,BianLian,exe
6a844a3775a9a5076103f52bf847087aeb18f7d06d84a5f0dfff13ca65f9ddd1,BianLian,exe
a9a99d47805f43114f84ceb1c84c9148bcbeec751a94c14cb9c1f76987bd1c09,BianLian,exe
af394892296db7e58990fb341c354d2532436e95e676287f5d03f7dabc6297a6,BianLian,exe
e525bc376016b4bd2d6dd2e05aac14765bbd2e384bbdee9b9d67e4990e05c196,BianLian,exe
4e92b73a17e0646876fb9be09c4ee6f015f00273932d2422b69339e22b78b385,BianLian,exe
06f10c935fae531e070c55bde15ee3b48b6bb289af237e96eec82124c19d1049,BianLian,exe
1cba58f73221b5bb7930bfeab0106ae5415e70f49a595727022dcf6fda1126e9,BianLian,exe
40126ae71b857dd22db39611c25d3d5dd0e60316b72830e930fba9baf23973ce,BianLian,exe
afb7f11da27439a2e223e6b651f96eb16a7e35b34918e501886d25439015bf78,BianLian,exe
56e63edb832fdf08d19ecfe2de1c7c6c6581cedd431215ded0c8e44ac9aed925,BianLian,exe
23295c518f194dee7815728de15bafe07bf53b52d987c7ad2b2050f833f770f7,BianLian,exe
9413ba4a33ea77326b837ba538f92348e1909d5263ca67a86aa327daa8fbba30,BianLian,exe
bd57af28c94c3b7f156511c48f4b62cd1b4c29a1a693f4dc831e0a928691cc56,BianLian,exe
16b0f643670d1f94663179815bfac493f5f30a61d15c18c8b305b1016eece7ef,BianLian,exe
5162fd73cbe8f313d2b0e4180bab4cbe47185f73a3ffc3d1dcccc36bc2865142,BianLian,exe
88dc4a9c852697cff3b9e0d654d20feb8772fdcddb989eabac12b7cfad6e9b64,BianLian,exe
117a057829cd9abb5fba20d3ab479fc92ed64c647fdc1b7cd4e0f44609d770ea,BianLian,exe
1fd07b8d1728e416f897bef4f1471126f9b18ef108eb952f4b75050da22e8e43,BianLian,exe
af46356eb70f0fbb0799f8a8d5c0f7513d2f6ade4f16d4869f2690029b511d4f,BianLian,exe
ae61d655793f94da0c082ce2a60f024373adf55380f78173956c5174edb43d49,BianLian,exe
3be5aab4031263529fe019d4db19c0c6d3eb448e0250e0cb5a7ab2324eb2224d,BianLian,exe
3a2f6e614ff030804aa18cb03fcc3bc357f6226786efb4a734cbe2a3a1984b6f,BianLian,exe
a201e2d6851386b10e20fbd6464e861dea75a802451954ebe66502c2301ea0ed,BianLian,exe
c775e6d87a3bcc5e94cd055fee859bdb6350af033114fe8588d2d4d4f6d2a3ae,BianLian,exe
73d095abf2f31358c8b1fb0d5a0dc9807e88d44282c896b5033c1b270d44111f,BianLian,exe
2ed448721f4e92c7970972f029290ee6269689c840a922982ac2f39c9a6a838f,BianLian,exe
597c492a5af56d935d360fcfd2c1e89928dde492c86975f2c5cc33ec90b042ce,BianLian,exe
46d340eaf6b78207e24b6011422f1a5b4a566e493d72365c6a1cace11c36b28b,BianLian,exe
46ea5e72b0203fe4d9e2155a033f7bcd4582c12550d8ea9a112f7c03b24de347,SalatStealer,exe
1737899af08da74b07395f82cff64b0c6c8c0eb30ee9b3b5b5eb652874cd0112,SalatStealer,exe
13a3e7f3955eb52b9e281f191cbcb8cfd7a7c21f371df21246ce5106070541c9,SalatStealer,exe
3972f0b20671837938996ebf0e6dba5e36a8dd3dcd9cf72ade6300506e670380,SalatStealer,exe
674295167707c56a258e7f8a55b34c12332793733ee86e23023af7fe099e16cc,SalatStealer,exe
c1b8f7f2093c2131b450a051d130c545f2fa5ceb44c6176204ef0b1f474d6c65,SalatStealer,exe
57ee90250da5f51dc59d2e189bbedd0e2c1dba097a766e5bab903288686322dd,SalatStealer,exe
0b8cae277bf0e3f0f33c5c44e5fd0dac50278086dd5769f9d96c44d748d8a90b,SalatStealer,exe
6696a32df2f9598926cda34e6a239e24c66e417fe40617ad5853b2cb339481a4,SalatStealer,exe
7348ea4bd90ba897c35d9cdcc1da7470d8ad00db072538e21686db797e3b1a69,SalatStealer,exe
e7a53970dbc5a570d4d98e963902f37641fc6e526ef9af1e7117806436b7a394,SalatStealer,exe
aefc4db306e46c7b1baf4542dcd7ab3e0324f92fc5e5734be180b90c0546205b,SalatStealer,exe
d3189d197237dcaafd3e04413bda0ad055dfe236679f4a004732af2954416f93,SalatStealer,exe
77ef08194ab04f99824d79503fe719c893f3bf180faf94ba5b1afbcc418d872b,SalatStealer,exe
0932c80cd89391d69281f4938676d354d5982379f52381794a31f8e20fc74f17,SalatStealer,exe
b9f2ba742e2e227a55912746acf22992d2dfc416d3877665b83abf0bc3e3f093,SalatStealer,exe
93de66680b277c94cf8925ea36b9e396e6a57096f018f493edf64df898034dd0,SalatStealer,exe
ed32368823c139fa2e2f0771e6716f93c7db856aa24bbc81c0eea653ac3618f8,SalatStealer,exe
7ffea08c03e9c49def06aab41881b65596e26bba26ca30f2cc26640e892d38ee,SalatStealer,exe
89a9dfb74bf31b40951bac672cd108db9c7c4cbdcf282d1f29e8049d3b4b47d7,SalatStealer,exe
11d687e2bf03c81ceddb895b114ea9e1cc799db607d79ed65d5e24b0da0714cb,SalatStealer,exe
0997ceb54430dadd0b4901c968e0c404fafba4ca377441ca09c54210601c007a,SalatStealer,exe
08355404d41a3b04852af326ecd41392b0124500c131fdadac4d6cb54b0a64e7,SalatStealer,exe
3a5d312cf4020cd68c183d04587bfe48bea4229912345f1438306af44ffe7518,SalatStealer,exe
e38a83583a9e712d2163224485ecd934e9b27a6850bbe3c022d6344d0298a188,SalatStealer,exe
ec2ec4474f27e599379a2d65567fab4042cca9d536c3c0a7e2f8f953b47a598e,SalatStealer,exe
36ad4f4896f9440424c43ec622d4654fc7e414f77296232b4ba897cd7bd891dc,SalatStealer,exe
f77c7d88a4b2844c0c017989f0fe0f58f32d19b4a6975abf0bb957bbb2d00546,SalatStealer,exe
0b008a0a3edc1a5c1352bb57c47d7871a0057a4b344040811d2f64753f676025,SalatStealer,exe
01f10211e835350881f2935082acca9aa5084972a0cc40612adecadf5dd848c0,SalatStealer,exe
c4028d2f6fd3c0a11a7ae73810c3923cbaa7455d19b901ad1047c3a9c5c73971,SalatStealer,exe
04520ba8357973055e714e7aebcb7f5710ffe74baf0682efb4a0c436e44fbbd8,SalatStealer,exe
29119d33848a3a3efa1b0b11be3ec606240e47d013c629f5c357f70ab4d77931,SalatStealer,exe
0792da04193cb72263cf16ee80af36682a2ddd6113d13b679880ff632fc3e26c,SalatStealer,exe
f19ba38ca35db5f36cd5d73d04040abb16718c1003c0fce072df90ce3cf5eead,SalatStealer,exe
33b14a466f8bca5d4ebc5297f17abf1b5d20e267466ba22e3445e756af997875,SalatStealer,exe
b1ef11ff13a7dd1937a5b24a3ff4138744f5db07c87410ebdce73f8416e74b23,SalatStealer,exe
7a9c9837e5475c25b5406c4b5509ab51f6ab4c43d92eaea435641f7485ae7f99,SalatStealer,exe
737ddc8d56c2b8c5bf7844c15bfb31374924833eaedecc1fa0330477e6b2e151,SalatStealer,exe
93f370cec57e6e48a9cb31254edba190232077f9b3d197f5a67d003ebb08d336,SalatStealer,exe
568a732ae78c9ef36631997276b108f81a821cf0887578c4869a0b1cc193117f,SalatStealer,exe
d9c92563080056480c3afa2a0ecedab16bc2f480358329f65c3ceb4cead2ae06,SalatStealer,exe
1a1b4926c7489d80d31b434b0f2c85acc6ff9ba2060d4e7690f345485c917cee,SalatStealer,exe
45277f3dbfb023a9571e4b308fa9679f1ab2d2d68c40d960a22f2c614110c5b3,SalatStealer,exe
68a513f77505f5c8b308552f29ca4f8f9ea5f982fe3ca00605d85dbc0e318132,SalatStealer,exe
e265ed33a96aef8699ce6375e3b9338f7630c857a0e1a966a7be7d8be8dc61d4,SalatStealer,exe
8f7195963c7e228a39682131feee6223b997385881f67db608c51863fd319cd9,SalatStealer,exe
1d93d15a70ca84479e88077e3a81f85ed8c58e9077dffd728a94adeb79645a28,SalatStealer,exe
24e4edf1c4fce9ad3907447c49241465c0d4424c19716af1ad288d33e55d6726,SalatStealer,exe
a3dc7da7ce78f637667d1f29f27f1489f2ad12ec038f7dec7bed217f5ffac589,SalatStealer,exe
e3f43bc77fa2ef74946abc231c0980543aa8fb54901dfa23ade201e886a27672,ScarfaceStealer,exe
05e997f99cb9347fb32dee57502e0dfc3a906b0bdda7501092e48d2689e72fdb,ScarfaceStealer,exe
a81079a9b9e6a032d2647ab909f78a4fc39ec171454e184b4831ebd0f92ce5d7,ScarfaceStealer,exe
7e61532302f2a326a7191f39635df7cd23a5deb03b2dcbe1feca367b799b5e12,ScarfaceStealer,exe
d73f8b8522d7dabc19ffddb48d671b5c4a518c168d969ab43299156617361f37,ScarfaceStealer,exe
5b5f7bbced70ace9663c378ad2921543cf8ad6c89e906e88c70a84c339d94b7c,ScarfaceStealer,exe
7e2ec66524ae16dc658bb533ce6ac109782b43ce055b329a0937729ee0549faa,ScarfaceStealer,exe
4503fe5a9a97249fb92441419b29b21eb52f737b42cfb37cffa5bb8bd55cc356,ScarfaceStealer,exe
ef408139a0b5b7dc0f75cdd0700238264f264c5d23382d6d5b2389b5f908164f,ScarfaceStealer,exe
5e7637ae599e08c4d3509b18a88832351cc79c0d7756dbf46e480c20d7f74950,ScarfaceStealer,exe
cb2b2a3c008198647e0a49fc3e06822d7ea9b23b80e2ffcda42403a1a1f5d48c,ScarfaceStealer,exe
e4f7ed6c8c8a5cb836f04f87cb01344bb8d27eef8e843849f9fd1363ab648833,ScarfaceStealer,exe
965e84aba6941dc8bd080761a6f9c5e75af1e01078db79512e405d303f7f0d19,ScarfaceStealer,exe
5c748e1a7c4174c94b190d4f8a6b633b8123c97fb69543f0a2d15774b08bacaa,ScarfaceStealer,exe
343bad63464965f0e01c668da2ef9d4e60587594a5d5ae9e5778c3c56ad1471c,ScarfaceStealer,exe
f37250d8e371c7e5ed61d095203e38cc539121137517632fec3ff6158032a97b,ScarfaceStealer,exe
609ec88f79675ab9355bcc716adfcd84833de2ff9217a6ea153f38e489b3bc24,ScarfaceStealer,exe
631582f669cf0f8eb640db85ba0572ee8c25318dcf54450d906494027af0e7cd,ScarfaceStealer,exe
56e45c04a9aa6652ad240899e63d12d71180a2b7dd06c723910f20a790f3f645,ScarfaceStealer,exe
78dc791cce78490b3f51644fa3b8d70b6e37ee2a028b219cf93f8e8d8cdfae35,ScarfaceStealer,exe
647b19153ec08bf1f2614f7101f274aff72061ac519d354036bcd272286405ac,ScarfaceStealer,exe
3cb55b5a027163e2a3ed05770386a1bd80577f37a4085f30ae46a23fde8bb737,ScarfaceStealer,exe
273220ff86844cef705dca2fed8a434b2a1546ba1f249a48af9140525371e3e1,ScarfaceStealer,exe
37c5b6a429b149fa9542c544aa30d6651d9572e713e081f64582eba0aaac1269,ScarfaceStealer,exe
76f508f8c3b732a544afb16124eb7683b40f9c29ed1f363674aa57a4ba82e43a,ScarfaceStealer,exe
e138cd5302d28a0a83734a3f0b4796e92b38346c4db858b9adb2f2a78c055358,ScarfaceStealer,exe
28c18829d918fe59f24b866ec40878ca11deca0a137aacb5cb2a582bb5b9d08c,ScarfaceStealer,exe
f1a9ab1bd8b2d3738c6abfcb2b84820efa405f09915884da57aa421fc42dafdf,ScarfaceStealer,exe
a2c3a1892d379740143ff9752fcbf6aac138086e7ea0e36e7f69dd7070d8180e,ScarfaceStealer,exe
a3f9c62862d00237c70b4a2dbed05369c98d20356008c2b3f98b47189ec8237d,ScarfaceStealer,exe
5dc5cb5f9bcaf3e517af1fd381c30fa2f924ea373d69a8eced85f0214a10f2cc,ScarfaceStealer,exe
2fc7359e91781e8f18968a923e54e44265e9ea9d984af99e5320a5f341ec3d34,ScarfaceStealer,exe
bb033aac43e985ab6a097a240c9af837bed863eb1de83a1e13e394df7faa0c51,ScarfaceStealer,exe
fde65dbbc392798341a9dc90d0ae58a2d50dc6e5e6170fae4ae29d6b80230f27,ScarfaceStealer,exe
a1ae5d3c3c46595508f9ae116394cebccef49fddc7211003f20cff9bdae21bf2,ScarfaceStealer,exe
984fd0f96cb6b7c24e9362a46b38aab89f8f3b21741d13012f82eb2c420a4a3f,ScarfaceStealer,exe
3d8d2de6ec56bb69954c25f37065ff372d3ce943f7f7cc5db6ca317bc1e1a169,ScarfaceStealer,exe
8eecc9f79b03b29a6853441a08fd6ac28b77a509aa2ffe3b10174328cd9e7068,ScarfaceStealer,exe
0194d6a8297949f7fafe29ff0a1c48ad9126607c47a8516fb84dd86f4a886c75,ScarfaceStealer,exe
3bb845fc71fd512777b68e66a1fed3a601af04df9bce4f9415b9316e25bb2a05,ScarfaceStealer,exe
1b274a393634e2aaf1ab3d2d96e232b292ba74539420c74769fa2ad3ab9eafc9,ScarfaceStealer,exe
9f311013fccad98e6a51b11d46d426adf1848f9032aacb3a63502fdb5c8214e0,ScarfaceStealer,exe
1251d54fbeddcda6d0fe88bab0932e34bf2ae53406f1781f85615a7c5c39a83d,ScarfaceStealer,exe
53de02dd0d20f3c8371f1a970be6fb1367d5e1b63d2f779ba15041991d450b68,ScarfaceStealer,exe
415952a85736d07c8bff35ce470b5fd3f47e83f9b27163980ca7febf3d437556,ScarfaceStealer,exe
6c42035513f1246eb3089804910dc9ff8cca1725e6f25c12eff17cb284ac35ae,ScarfaceStealer,exe
e2fb4d5936e7d7e6d1f620d3ed07725d8948e07a8da64468aa0d2a4de6c6cd66,ScarfaceStealer,exe
99fa87f8885cd8d4f0afb63b6c43c0f00d3cdd3edf535c1730641c8f919449b6,RemusStealer,exe
139d50b674112ca42a6f9e2aea789d0a1f3bd64e7ed5584d54bbfa6c7a418f72,RemusStealer,exe
b122fb13a9014410c09a8ae53d40979ad4c2f7903223563941aea3be50edf01f,RemusStealer,exe
f2b4f9ac25b35389294ade3fcfe8a8bb5dc1f0e283c5be145a28bd785e993906,RemusStealer,exe
98632669b75fcc8e0e4f98eeeb20e0944ccf51f73d0c92b811354bd9e62f5212,RemusStealer,exe
17502e8db2948738ef424ff4e5de9ffeaa7fea6777d0988540d32169cb7609ae,RemusStealer,exe
171ff07d334a93105add23e6993e7efdf04010b42a31acae8d254472b1a2f6e5,RemusStealer,exe
90a27fd7f19422c8b76ac2961c329b544ce06f1320c98295ab5fcaceff02d543,RemusStealer,exe
a2d26b996d7b613ba4d4bc42950be5ef73e805a66e5566412e4f4588bff9dc93,RemusStealer,exe
633ddc31dd195d88e889c9110fa7c08bde1d66ad6498997710426a48a72a3b65,RemusStealer,exe
409ad0799fe0b1ca3265d58f95eb13b7d56d6bad1f7346459fb02f772a3bf751,RemusStealer,exe
a2df0c26bf1a5292ce5d4a2f2a41397478090da65f80d10902be6ef2c6b50faf,RemusStealer,exe
e7b999184fe1dd10a5018bfe049ba961059df4b3e826393bb7886abb82956b80,RemusStealer,exe
a44ec3a4e3c5a2076d2bcf75bebd01f2e596bdca44dbfec85ebfb933b7a8d865,RemusStealer,exe
61269eca1d774d5e3bc5fb9445de05bb7b0f9057876a9ef7779ecd5ca1582acc,RemusStealer,exe
5d641dcf1b0dae4f248a3037e4f50a9fe20a9a313210e0bf0f759153eecac9ce,RemusStealer,exe
30a67224d05ec98f9412a89018bfebe705d55d36a66e1acaf633713e65f322f8,RemusStealer,exe
8f4ac0403edc15f1eddc1da8239319c9df2e86720fc2508746ed0660a0cc2918,RemusStealer,exe
fb7565d2611a76bd796aa438e907da5b8b59b5acc754b6031f56998468445be1,RemusStealer,exe
0e6902640affe9ac58c39d52046a073741b8e77a6ad29137bdeb6f8cf8222964,RemusStealer,exe
526ae427fececcdfb7d231d95a3a4f3ffa83c130ed5d58192daad06510f4ee69,RemusStealer,exe
25a0bddff7a3254104b66d4e84010c59ef192924cae703655f7fb592640d8d5d,RemusStealer,exe
d34be339fd8c47756de5b4e6c402612a333c50b9e1fa4bffdd32cb3f9d5c1d74,RemusStealer,exe
ddb0160ee2ba6d9eb2daa91e1697c8876fe5c1b70cd3adb90ede4c91881644af,RemusStealer,exe
5c9efcdb8497708e9ab989d2386b671b48a8329dc7e00acce65a214395ac54cd,RemusStealer,exe
5b32520c8250abf509ad7da4d9aa9715a45605aaba0bf340835698d30435b40d,RemusStealer,exe
8d435497203598ab6ce153ca32873ff779c6db7945316c53328383a79d2031e3,RemusStealer,exe
b699a24254fdb28c85fd40c1019703c40fce07ec4bad324bcbc891aad28159b2,RemusStealer,exe
64767a09cce6d538bea2d11e0c59f47abd05f6e57f7a88b2b7a864c782cc1041,RemusStealer,exe
6fb3f831f161451c0f01c37feaedcbd1d9f9354262d9e4c36a22a96937e0d9af,RemusStealer,exe
ed3a90d8c8872b2eef99c9b76d941ebef4f47a36bb15f2f8b08bcaa3a432c43d,RemusStealer,exe
f42afc9673f7d57272ed9b56e098c94d5bf6a139e59b1c0c86a946b60f7b9853,RemusStealer,exe
e2b744ee6daa7bc475b480d1c3134aaf93cb7a2ec6ff4dd7a283d1cf0a70394f,RemusStealer,exe
2e2544644c43e065078d1e9419123c1433aa418a1b5539804374c41f5d99433e,RemusStealer,exe
0d2c8871c86d3a73dacf7972b12378bf719d8dbcc0df63463227cbb4bff9b44c,RemusStealer,exe
e2677f9873274823b8f69540c476fa929ae1d33efce4524a60b3c46ebf6c80f6,RemusStealer,exe
29f926fc128cb7a4c078b20c3d24fbae28f0d081f9ddb45a2f86eaef5ab3537c,RemusStealer,exe
75d9d48faeb4155a77ee9b5d4c7c2bbed10ef18035f98b45fc26405aefde3dd3,RemusStealer,exe
c4ddc279b913182cdeea144a065415f26a8988648b8415f25369204ecb54cf97,RemusStealer,exe
71cba217e9878542c95b8fee784bba83a6d4cc9c0e1d8aaccf7186f742e3fc36,RemusStealer,exe
4c5b729c3522fdd11dfd3e5807c225df109172981d2c214b2a905fa2bf6b39e2,RemusStealer,exe
d11fe9e32edfb959a6ddc4f0a6d2e6db3cb70b14926ec6448484c399ee4cfa9e,RemusStealer,exe
670be3c623366505f5fc2dab42a2344698aecfce15de3f331141cb6899150fbf,RemusStealer,exe
857ef3e09895cff8faeae1d22935785f7c7afa8860ed0234e52fdbaf6f7521f0,RemusStealer,exe
abe751e80e7f43f561d85622c181c665831dfc1248c0c74d685163e018ffa76a,RemusStealer,exe
5205c3eec591a1a025bd4d9d2d2d98c04b2723f7785a2d0e5382572ddeee6b4e,RemusStealer,exe
aeb52e8fbaf0ad36d24fd9844365ffea43ec16caa4a981481dc21e676d2e5b1a,RemusStealer,exe
8d6cffe537d0f4b3b1d3c39d3283c26fa26bf8b36064d0173996c83ec6574878,RemusStealer,exe
1f3579a686202aa8e2faacabd331e62cea569d878dd789e9f8e1074b5aec1227,RemusStealer,exe
a793c1a77afeb7d85ee525d6333339e40e2fec841a9d79d87d02524cf9034909,Rhadamanthys,exe
1f871ab5604caa07a4acef52242e397cd93aee0fe44f64c615d297eb285a9217,Mekotio,dll
5c6f268bb8203a70f46161fe64281069238111ac9d8e8428cd95970abee6f4c2,Mekotio,dll
f6af800d1fe210414aa36639ef2e81e3d307442914081faf62c2fa7fff446300,Mekotio,dll
f56be67fc0747dbb1a05897d4b59df8f4092eb2e0145e6079dbf094123bd10ff,Mekotio,dll
6e860aeb4c065e7c138e8465f605f9b2c7c6da70c8e6414eb17a9dd2c5620061,Mekotio,dll
8cb9f0ebd966362b1e3cb8876f9fd9419fc44df16545a01006a0cffa55b09150,Mekotio,dll
f99ae9ca007c4d2c2316d2a3292ce9e38e0489f6ca8779cb5d5faf38a04df64e,Mekotio,dll
a7956c3603c84db0b43364b755b10c0e917fab9ed5fbd61b527e2262090e763b,Mekotio,exe
71c0cccb7bf3c0f08923afb767f84c94d6ebbf45d53a87f559fe0b43c6450ff5,Mekotio,exe
e962bdb06cccd32599522e7b4f21ce812e2f6714f01c21b336f1679909adb596,Mekotio,exe
bb1870cf39ba2193ad859ec6b3f04c54ce4e533c560d37fa89b2d503f0719b77,Mekotio,exe
82fe50008ba95ffbf797be2425df47a49eea8aa7992e14297b8effbc1694b8c6,Mekotio,dll
61ef3244f35dc1acb049d3e2799621859f4184af95d1e6d3948cf20fa946052e,Mekotio,dll
7b553bf628d7181c567f42c12abb05ef25adba2142e976b5642fc17bf21b4a57,Mekotio,dll
9824147c195e1ad63395ce90406218503ceb33fe033a4eb3ba06e5c20b2a77e6,Mekotio,dll
19959bcc6e24e4574b8f1e118c22a2ae21034c4a81f8ed49b7f44a208413ae6e,Mekotio,dll
a748f144569f91d7f1a94f6c9771e5b0c8657ae9c1e4ae38d0a68b46b009b647,Mekotio,dll
9df7bbf952c30e0bc91bf4c8d927a01916eeed1d510f36356b99f09aca79bf4a,Mekotio,dll
65fa72e8a09ed9ddd24b1c8b7ed086a9eac096863fc11bb9ea6453be87c39fc9,Mekotio,dll
655c431cd6a95525632b7d392e2dc2baa07d98834d6456ed03c0278f03b21433,Mekotio,dll
c828a944202559577f12fcbe4de95a2cf7e0f8ea311a3d516dcff585b03fdbc1,Mekotio,dll
6f08273722e982e1f97598ba7872af495bfbf366471f61857ec453045ac2d2cd,Mekotio,dll
bd74c5de2e87a23f8c22017a830116d308587ffcc3dac8eba61af2d419c5343c,Mekotio,dll
c6e994d9a25a13c8af039beb6ab9aaab0e5470d6f124b91be41be7b1ed03e9bb,Mekotio,dll
4fe784f0efa3e0ec0b41e7843744bb7746d825263d1e52d0c7fd058acef2ed1a,Mekotio,dll
12a843a3f761cda4da0d333ac2f2a62b8f792d544c6561fcf86cbbeb12ca0d50,Mekotio,dll
0ef566d319af9bd86d019c8d1d4bd9b07774687987af47c2c8825828e0452f41,Mekotio,dll
d88f867bd634819d03fdda46d6be2317683f79f33054afc1a6f8e2129a8581df,Mekotio,dll
e61a13dc8b7a0aad2e4e14ac4e9b7d743498c2db4d81edd032c0089896efad1e,Mekotio,dll
89c3884730979ab7dd5208eaa9bb2cabd23a895c6ffd4cd7ee4f23bd97d2ced0,Mekotio,dll
3db6bf0b3b9eac1ba057a84b15abbf33571c49fd0fad3740a0089e2a344e84ae,Mekotio,dll
a889c46b4a824ab43cd018892501f2c8a893db73ed0cf4f879c7af75e9ab9664,Mekotio,dll
2d76c142e9ce67fe5e3c1086a833817fe43df65e369b6e17a86fd6f1b9bc0ed2,Mekotio,dll
688b239124f595414da24503be64e4e538166ff8eb37149c3afb4fffc64e0f2c,Mekotio,dll
25a0e1f9fb3348f374f9a4726d81a33a0e5f55774dbdf25dc770867cd213b73c,Mekotio,dll
94190206516c7abb012c86153f5b26cb9854fccc69d457f40421361c22ff6032,Mekotio,dll
407c05036609108e374e4bd1e09a9d99a9c21c91f60f381ffb7a3d6375e9d1c5,Mekotio,dll
1913d6f00f3630c1eabdf94ace70d216448c971ea4f0c35c01211aeb29fb943d,Mekotio,dll
b751e2ba0f0223835582e83eedf94b0e688e47484828be083f0469fb30e86302,Mekotio,dll
59d90ac1f1a6d0d0de4eb9e7624f72be537be300e5e2646cd3c6cb726368191a,Mekotio,dll
4763aeaf5e201de4c17fb127a565b73940ec67292bc75ce6bd45feb4104319ef,Mekotio,dll
62fb046372d16c11c57747723db6645ca6686cc5faed03335c04d98a5db78a84,Grandoreiro,exe
43fee474ebb1abbf8d98fe2fcbd1f1ceff810f4f941a543407d39505d8a77347,Ousaban,dll
8b70eb599bcf04bfc858b79f6e3977a7829fa3cce80367a7eec1597c8e34aad4,Ousaban,dll
0807395b49c6da3cf3fc5b351a174a4d736b9fdfdb9ca7f6780c18ece4ecb628,Ousaban,dll
29e46192af08acba9b88724d55edf03ad04d2a939e5cb3e132a77b9ddc2f07c1,Ousaban,dll
df584675b0499ef5cd36f2f07e45bbd6f16541eb0f8f0209092f7d6450bb357c,Ousaban,dll
a9d733b35faded00677d6de057742199271fa1c2d47fc6463cf91653f8e78146,Ousaban,dll
071268e9650a937ae0cffcfd47e3ceb6e1eb63dde67e275315d537db8262a3ef,Ousaban,dll
ae920d7d866cbde768c7201f18e5cec4a24d9e9a059f4ea04bc113faf9782b75,Ousaban,dll
17fdab422470e8a40076b55ea4d5476a97d854847173224e5fc12c2b93629835,Ousaban,dll
bb49ac115b49bd73fb4ed1a0f7b75584d1fada0a709508b0ee65d5b61b939cf3,Ousaban,dll
fb7e068b9e1e27250f7d671322bdd76b1fd1d368cf6d39aa12d79db8047ef4f0,Ousaban,dll
00596c6152041e395e6ead2521b7ace688768815b9e9bb29cbddc0673ba1922f,Ousaban,dll
e8816519768d257c11ea1fa0d1419510e36b360c0ed0f37851b4dcc5d1f2945e,Ousaban,dll
b3243d65c7b8bea56f75411c660afbc43e701b4cd453b47e61fb5a797a2e6c18,Ousaban,dll
c7b250ca3e9d93ab40d2bd8de1a2db870b81b5b3862e175d24b87e268ebd8c61,Ousaban,dll
7e30e513380084321cb20013d263303d91ae749245aa18784ebf43c217f402c7,Ousaban,dll
698e2b9f98a144729b93baa9d09ad0f6379951ed0ae3f058aa9705e23ccc15be,Ousaban,dll
99ba445abf807da48900b37e2ba9ebf2cefed5fc85b2a58be94d83f407277287,Ousaban,dll
e2def0a8ef81d2f56aab0b9326771dda7a87a48e3eca7877ed5ce3253051f2df,Ousaban,dll
fd69196517a01a4b71f4fc7f0a73d5e25653a48fc531958142ab7f8eb75de361,Ousaban,dll
091be24ecf44b4a67293a2ee7c3999ad7ff3cc93eb6cbc578fcf0dad2da303c2,Ousaban,dll
3ac90c071d143c3240974618d395fa3c5228904c8bf0a89a49f8c01cd7777421,Matanbuchus,dll
77a53dc757fdf381d3906ab256b74ad3cdb7628261c58a62bcc9c6ca605307ba,Matanbuchus,dll
eef9c19a83d933f1c925b686c8a5d3c6283af93adfea5de83f46cc2f6fb01cb3,Matanbuchus,dll
12ec1ce1ffb03e22ed50df768c4b112959ecbb412c8c18ec53829ede008fa855,Matanbuchus,dll
43c04d67d93b03afcbe947d63a1da61892a31597709dbda8431c46ccc8f8aa9a,Matanbuchus,dll
211cea7a5fe12205fee4e72837279409ace663567c5b8c36828a3818aabef456,Matanbuchus,dll
aad330a4c0e59176c244cb0a111c6ce16936b9d21ec9ebab5a9caadcd103a054,Matanbuchus,dll
3addef7c68dce9c0a11786c8a94be071b74772ad568a5cc72a0fa849fcc12b63,Matanbuchus,dll
0f41536cd9982a5c1d6993fac8cd5eb4e7f8304627f2019a17e1aa283ac3f47c,Matanbuchus,dll
efe8ffe10471d8d158fd7ca81868e334e16a2b034c66d2b6fd039cb0ad58e641,Matanbuchus,dll
96678cacc0550c86d40b54672c15d1d3e35743fddf3c2235c21ff636d4a8961d,Matanbuchus,dll
ec5eacb9400a43239e70bcd15fe8fa8b1e14d7739135253c3ee433efe435c849,Matanbuchus,dll
394401b1205d1cc5e6af1f25183941428651e8de0e715c5e954e25c6e49d4371,Matanbuchus,dll
b3fbd0d41a21faa8808dc9acfb383df8cbfaa6dcdbb97d694f1107151cbecf33,Matanbuchus,dll
673a791fe9d1be41e6ef53b640f22b6be06263cf4176874223178e24090b76e7,Matanbuchus,dll
7aed38fd3a857e9c2f02a70782211a200e4d5f9e90206e6b256d767dcbcc331a,Matanbuchus,dll
7f66770624e2d4bd51029a71cf7311cb873ee6fff6a694e4235577d0322a9937,Matanbuchus,dll
fa2ed3a1bb56b650735e666204668b4930378d67f3073583ae3dfc7628d82139,Matanbuchus,dll
b82d24fe86378e237041a5a62fe679d43e949e7a1b5471fbf61b0cfa9c465db1,Matanbuchus,dll
45744c09a6f601aac847229a7b68c93427fa15e96ab814a58038620551896f39,Matanbuchus,dll
8af97d1537988d11e5efd0fe227289278b243663fe06aa34438a15896043719e,Matanbuchus,dll
5cde683048593333b3dee736f8b160675c981f497ed0d680d596e9b34c2a174b,Matanbuchus,dll
17c8ef5428940de7399b3165fb2f7bf2f247e7082ce14a2c611931ea29f11c40,Matanbuchus,dll
795778587d86ee3aa3d2f628e8d3994b8735c5528413b4298afac8b6a683aefb,Matanbuchus,dll
aa0687832273122eb77be11e11a34bc40f533e38bbbf65262a4bd8fab3987301,Matanbuchus,dll
1ca1315f03f4d1bca5867ad1c7a661033c49bbb16c4b84bea72caa9bc36bd98b,Matanbuchus,dll
5fb7f3fac0a9b9ab243ee642a0775500c524166ef075035c9510ccbab76ad633,Matanbuchus,dll
e66c2a09074fa94390262c8b925988e7d9a085edcc97cad79e2ccc9c0e862567,Matanbuchus,dll
67a9e8599ab71865a97e75dae9be438c24d015a93e6a12fb5b450ec558528290,Matanbuchus,dll
bd68ecd681b844232f050c21c1ea914590351ef64e889d8ef37ea63bd9e2a2ec,Matanbuchus,dll
ccce5cf6341443605451d0b4a722a337b7a8c28087e2b473088728705dee9c3e,Matanbuchus,dll
48ad2fadb0550066f0ee1d20b73cdb397c53479152c2f3d14fe7d09b8a972117,Matanbuchus,dll
3180d22f33b9a964d47c3f00d0527b9d6903cfc31e283920ed297fac2ba2cd50,Wslink,exe
770b43f3a9950e89e644e3d230b17fe431382988749aff4dd37af2b32571ab5b,Wslink,exe
9cb6c80e588a6f8c3e31b392f496b51ed5022d93029d5aae1954dbe80d12c80a,Wslink,exe
fcfae38ea48b6c0c7e6d7f176f03ee1a1bfcf457b41ef91c8ec8afb564234bf7,Wslink,exe
95e30af4532ebb0ee8062c05414f5827c2c0c0880c9c28612eb03fd268683f42,PrivateLoader,exe
323514126c9e88ab371457383812723a5bd25aae47c113c990c9561afa0cf3c5,PrivateLoader,exe
1fbeb5c772b2e1c7ee65ac50c323f23ee912abd323f5883a148a5f1d28f282b5,PrivateLoader,exe
ce7fd87ea68b6f3b923bd26556a9161403bd9a2b2a7154a9666cb4b0537a7618,PrivateLoader,exe
db62898f62c73048b209475dd5dcec2c34867fba74182bd8a16ce340bdb27058,PrivateLoader,exe
ea096956563a39486203fb29d70cde41840daedb11f9d78328892d7cc669dac9,PrivateLoader,exe
d86dec872101f13e3a97e6e649faa29a12bcb0f1bb2024041726a29b169e8f12,PrivateLoader,exe
0f31f8667b511d1d0f7324114bb0e06541303dfed20f3d5dc5b5c25a2aba8dee,PrivateLoader,exe
30b50fd799734ba51cf9babc41392e79b266f7d053e60e42775cbf9e54b105df,PrivateLoader,exe
dbd6fcf0495ae49cef1cf8b2f65f0cdcc16b0c4421f60ec88b8922f18aef1dc9,PrivateLoader,exe
305fc4fe571981aa908b9594c9e0437cd3c693417ec2c0c491b7a98b2be85309,PrivateLoader,exe
a5d090d1c36de5620283f2c78853739f3ba4d16c8bb0bf1b40dbe415b927e645,PrivateLoader,exe
3bd05aa096c69b414698dcaa85732a24062f69297fb6417094cc6b879f8b3e75,PrivateLoader,exe
06f579ca0e4fbc7c1217722be90aa2ed0b9c4209c9abb474e3695e5a9b834734,PrivateLoader,exe
5a9038021945615156efcb3e0e4f1905c774659a0647e009b2a582fa05e30b20,PrivateLoader,exe
fd2a12c04bc7e37d9eba92c2a19c466cd3e1f3a48dbee1667b587ae3f373a437,PrivateLoader,dll
00c4047abc9d2ba38d901b6c3f2bc799d94f04f2fdfadfca75c744c8dd6faf00,PrivateLoader,dll
25b24e2ff9df4c5c5bae4cc2626cec03c378e84b72823f9af7ab98eb78fa5b5a,PrivateLoader,dll
b3132d9b045cd0a3c471847e1d0b97b2629b6ac62d6b23d211852de838c53704,PrivateLoader,exe
f933836fcaf2eeae4e50b67d06a9d1608e4bf7b2914864a10d0d23d201c7b747,PrivateLoader,exe
e16b96cf483c1fd955a50beb79205f2f2bb37650e1079ef1b8ebccddfe179146,PrivateLoader,exe
df1752ef6e8594fe04a654cbebf85b053bae8300bde3c8260f290169fa1c2190,PrivateLoader,exe
8ed29874787806ad13295e74ae0c9fd44cfa82a3435cbb4efaceb1299c062b82,PrivateLoader,exe
fc9b74df3d6b4881b360c1708000acb92186baa9eed140bc0724cac1f3f640fa,PrivateLoader,dll
dcdb2e997eb051341887266f248d90f10c440e201c777be28d96b8360407b579,PrivateLoader,dll
8eb3f7a87e9f33f64793dde4bbe4c63d97b600fdecc00cf77341abbe27d69553,PrivateLoader,dll
709cbb4597154816bd82e8043ce9025371dbffcf84bbe323ab5fc0bc26aa261c,PrivateLoader,dll
b234f0449e2e998879a11deb0937d7279d28b832348aa9f5c0e911a2dfe3847e,PrivateLoader,dll
46c92438d6f6fb21091621ba0e0175402880d8c5f90b22004a9d32167936d3d4,PrivateLoader,dll
40f96925acd8d0ca484b2d58e73e31c67cffddadfe083249d429978642bbf079,PrivateLoader,dll
974892edab0c79458a2bb6f01d2d92250d2c45c3f0ade550851701c205099acd,PrivateLoader,dll
321ab8d39d6642c1813a67ba65530ca30ade84a77a2a4547ebcfe6281b9bf4e8,PrivateLoader,dll
505146c939cb86c49fe88308614f6cc8eae130e8371d2435d346a356e90aab3f,PrivateLoader,dll
00b8c33668b60a8ea7a866eb704ede538b672bc36585c34bcde50fde30cdb4b8,PrivateLoader,dll
d7a378e58b3344f2883fe2403fde7bc44ad512eeba882ce670ea3d704bc6914b,PrivateLoader,dll
83bc1e782f12bed1965de915406bdd664b70c4b4ad9430216d1ec1bcd3de4560,PrivateLoader,dll
b6b5ce6cf7707954b2dc5a7c75c0333ddd5313af90dcff1e5de50f85df346434,PrivateLoader,dll
128d93fde4a385b08849910b0e39792055b06c74a9955742511f056507778551,PrivateLoader,exe
c05841b71ed24bc58393ff873ff8a0513a922ca63d77085a926df88c3f8171b1,PrivateLoader,dll
6587de22729bf3dd6f3632d67881fbc75275b9fd6d88597c7f04462ec1b2bcdf,PrivateLoader,exe
d97a0aa8b95c92961dd85552bf62658be38bf800d43570163e9b827056e6560c,PrivateLoader,dll
828964cc09667fa9ad67505db8833854599d5d3f78fec3668ab4581c292cafa2,PrivateLoader,dll
1b2c0c4f64b9200357e64c68063fe3b2db5abb68e78ff0f11b925b9a1d79d802,PrivateLoader,dll
ff79eaaff344de14717cf301e0501b62407bc7a4836ade5b4c2c92b9ea2cc32d,SilentCryptoMiner,exe
b4ae0aa38f19cf8c917061bcd03ee501ec97faac1582d0b8ca488f8c97c00a53,SilentCryptoMiner,exe
fb93e8c6f6fe185d8458875f8f2fc6d787a00ae42643b33379a3c3556969d92e,SilentCryptoMiner,exe
7c570f984ba898964c9ac70e11474ce3a0161472566d1961fcbacfe3d24e1dd3,SilentCryptoMiner,exe
86d42bfe401a938d6c4310d5750d4f45bdaa778159b0fa318dc70b855056389c,SilentCryptoMiner,exe
1072880ad6c65dcb3ff7721f4a1b4d44b4c1e2024c45d81e3fd1ec8a4502b2d1,SilentCryptoMiner,exe
21ef3d9d49fb149f8dde2ffe48f33d0772e6d7e3cc8f4cf7a26ad9c5a1847090,SilentCryptoMiner,exe
1214268764f9252ca840f1cc7e9b3698ed55f059802fa7ab7442f61144d898d0,SilentCryptoMiner,exe
6d77f5f7cc0c452e0545f319077f672a76708d0e2b890f171d94d10518c2b9d6,SilentCryptoMiner,exe
c57c42062d2956d8e999eee90c60e356363dd4498530f99d77b1d8b725daea47,CoinMiner,elf
2963ce4ae8f9ebdb2caf7c6f748a10d546cae6f56e79900d8c0b6e878954905a,CoinMiner,exe
e01ad37bc931710e2ca30250596a780c12259ae27712564a6c872f63fe3dcf49,CoinMiner,exe
f3eb87983169d29f6eedf685922a02146f575bcc695b4bb0fe54019f09d3e8d2,CoinMiner,exe
fa2a09342548fe01c57030f6d69dc38997fcd3547855701afeb6519f3e390c18,CoinMiner,exe
ba852441acba7f4e928215426a94f44f6f5b74dbf21b323087e007f9baf0645f,CoinMiner,exe
40479b05e94cf5a4895d68867d9fdaebe1e2d7f9d632b76cb57041ea1fe20c71,CoinMiner,exe
b626c4317ff6d4ca1ec04471421bef1d0261c59d77cb0bc0cf3c1e077d984865,CoinMiner,exe
722cd9ed22abf4871c76f928fde01ee5b649905765afdce51f6e56bad1d757ea,CoinMiner,exe
fc32a3eba0b0f20f3bad91ec7e407c384108a59f1cb8fed2c0bef554261751d1,CoinMiner,elf
f8091c1519b42c4df664302152bd6a78de0548d55c17b87dc2c75df8cae0b457,CoinMiner,elf
6a681f9ae099ea9150a1b4d4a9ed82f814ca088e133bcdb59b6ba6ad44af3f66,CoinMiner,elf
62d857ff3063ded20fdab8bc4587d8d03c9873bfe2b68d31da9aff888bde76ca,CoinMiner,elf
8039da31a8e91d0830858edf53738592f499e24612cebb172cca018ee14382b0,CoinMiner,elf
fb1f408e089ca5346d31e07ab1d821b1b19f1488ed8eaad587f421e2d3689fa4,CoinMiner,elf
3bea8f120a6006083937a8a990c351f4784ce9f9ec8397345448f1f65da2d7ab,CoinMiner,elf
5d163c9174f024a2f8ab536037371d62c4f4c1df70c83854e61bc9ac1ff8bf98,CoinMiner,elf
5e78e6c39fb638de7536bbf6ceb21ebb6ae852f190447edb751c3a422544e780,CoinMiner,elf
2cda814bd93157b2c94e794ff3af01f97a584608686875e9b1cf0bd74511bdee,CoinMiner,elf
bb885bf6e5cf58dfa576c8bdd006f80c779ae33a446fc152652eac71ed8db27d,CoinMiner,elf
6ad6d86c858b8fbfd5d331db3b26079d7128ccac41ce733328946a91cf6edd5b,CoinMiner,elf
f54a8b51f2d6ed2953a1d9edb19da1c7e44a6e53bb610a24bc7195c6bdc18825,CoinMiner,elf
928cbf57e9ff5904a4d612017a47a99fd97efb3d468ece1b81b5a82017f549fd,CoinMiner,elf
22fb0c5e2a8ac8087df00e90507edeb9a57756d5ddb81d78952ae7ce4e690c51,CoinMiner,elf
e297203d6a4a85af9cce3140a8baecdb02a2c52789b5a3b8b6ca8708371bb39f,CoinMiner,elf
f27727014a77dac40eabb635f5d083be89378b0dbd29a444acda68e8a43756f2,CoinMiner,elf
514cc4cf71cb5e9ee33579e22c66c10794b03f4adf50001de4e2866d281fd261,CoinMiner,elf
6dda8bd9e921d845c95831fd24ab7e9172cc2971d3ae6cc5d810e56e979fb763,CoinMiner,elf
ef801a4aaaadbcedd44a8d3568467769854752886ff63db6c4490618d2e76335,CoinMiner,elf
583e86ece98ccc0d5e7f654dd48240809890e3fb61a542cb56e5341a1807887b,CoinMiner,elf
5187e5216ddf0f63d74a69f483c9568d0b04f7ae67dd17ed1d7644b97ce3a8d1,CoinMiner,exe
fba75c45e1fa45a2603493f36027f192efdd18283f5ae1d13de39d2d38f092c1,CoinMiner,elf
681d9f63c25b3d85187b2701b0b66969e34562ee66ef2467ef22e30aae9e25ac,CoinMiner,elf
cc75abb03271fb561de885e1295dfe6e677a89e625a8ea65763866980c92ac05,CoinMiner,elf
4ba1f2f1ce3a66164b99059f9312a3fbbadcd8ba337e0e95ee1db6f0dc7a2a59,CoinMiner,elf
d15426ed22583652ffb79af4456f0211143abec7f66420c4e0f6eb13b2a975ea,CoinMiner,elf
1010e0217b8d988721cfb0097cec8a6047edb9fe602e58124cef9e30c20d85df,CoinMiner,elf
0fd0cb3b4d131fcb375930de708a2a777c2e7dfbe6b81f833ea86000ae043206,CoinMiner,elf
fa2c2003123da6be943073eecd42749b847a6837ab34db769a39de567d5f64f9,CoinMiner,elf
d4da33ae42d743389d919ba21c3d75c3e3759e40633786504861fdf74dfbf5ab,CoinMiner,elf
7c82302ecd14f21edfceec918d47b51b5d4bc1792cf77bde61527111d8fdb56c,CoinMiner,exe
75bc2baf3c12afbefb893af00d361d6d66273d7852d8c0f16dce28e01293c3ff,CoinMiner,exe
4b0d8c093bf2f79b4297708a35a901735b1bafe812efbcb67b4161c84c037c31,CoinMiner,exe
4b3d341f6a15caacb540bb2e403dfbfbdbf98b077649f184505839d4a9e27cc2,CoinMiner,exe
8d9fc8a6c1fd93714a36ef4239ee7816a50f092b1b5a9d7fc31218159763d2e8,CoinMiner,exe
2d4991fd72a7944cdc0593555d35f1dc7896e50bda71a0443376c3290d0ab0b4,CoinMiner,exe
58d923fe877760cf366d83cba548eae53dd8f18f858b5d56c27b699db4f4c633,CoinMiner,exe
c12b2a94593fead09896badb4bf2efc4144c69a7c63ab68b2250ae5b639f77a3,CoinMiner,exe
e85141b23c76fe7b5b6cd7a7a6e4e3ccc444f8b7515e7883f64e1b91423997d8,CoinMiner,exe
a8936a401395781773004cb920cd89f02200f2a4ee25a1b241e593b1d3f544d3,CoinMiner,exe
0205aa7b8a0852633918bb36f7b961ea61e6bfb0eec66690a946a33adef4f166,CoinMiner,exe
e89aa9bec3284f837e7d338d5069842df245a0f9919617865b8a2eea480e3dd9,CoinMiner,exe
6b7f6d33611b0362d7a60dea3e6f75f3745b3ebb9d25285106bc945943b14af5,CoinMiner,exe
3eb586bc3205268becc78c10b6949d8c2960bfce9bceeab622201b1091b7f1b3,CoinMiner,exe
a63e488f5742245f1436035ba1ddc4f81c74b6678d3014f265eca541b15a88e1,CoinMiner,exe
63c030b19be8dd63081c8d5aeed5c4c1604be565ba4485af93006ad48ab57489,CoinMiner,exe
5709e15f530c3c281cbd105751610e6ffb24d282207e2176bb98e99170173be7,CoinMiner,exe
88de4138699965edf561a5cd9bacd036fb8e474c61acf311b7a33e0563b04304,CoinMiner,exe
d31744fa54b637061ccdf4de0ceb9110cdef375f5a812ca71522a2e41eb50fab,CoinMiner,exe
651a64eb4ebe8ef3ba9d6494e205257808c7ca58ae041dffb1b9683162b50328,CoinMiner,exe
94dadfc956c7affead3690c011e4bffd29ecadb8ef328c0548adf6bae35fa3f0,CoinMiner,exe
946cb371cd41764484013c0b85638d9157b947a4378d81c395b6461f594c5eb3,CoinMiner,exe
8d35b1c48357c10fd6357edb0154e97e02323f16694f13c495a0c7ce23b15a12,CoinMiner,exe
de79e908320bd93cfe500e4904bc39e57c01e8f84f6e23ab80fc05874145e862,CoinMiner,exe
fbface75828c2fdc3533b818268f5b8e680f65662953ff83d30240e78ff8d36b,CoinMiner,exe
ad78fecd0f39e1c15214d0f9ad5b0bb77d93705ec95ef8da8b3270dab8410f3c,CoinMiner,exe
cd1b7d2dab1da7da0eba682c4b499282cf0c3bab37c2bdab8825af002bc7fd8d,CoinMiner,exe
5195e93ca254b2bcbfffb309848d42f3132538704343865a2dea3b4516c5ced8,CoinMiner,exe
536874b4e68c8d067cbdb0100c0e4e46810248ea6fdb3c4fed4720b23d9bed89,CoinMiner,exe
bc92812448658c397f3ecf4c6475dc3de7ba80eb04c4f9a2ea67221bd8556176,CoinMiner,exe
46be6a8ec8d32e8f534c96ab1f7e792b273ecaedf320f32080d3310cc7f7590d,CoinMiner,exe
330b792df60d23ef400d9347bd3bc3e001ddc2062d9ca7e54e66f834d41d4307,CoinMiner,exe
b78a156ab33beb6fd8b0bf5283b9a9c67af2d42bc544ac04023185ab1eff5e73,CoinMiner,exe
3596dcb90c580070993afc073e7158b4bcac5b4fb930b8e184fc531629012b14,CoinMiner,exe
fb1e649118f2f86cb22147f0ccca53b4a75598619ed80afddd5a25a5563515d2,CoinMiner,exe
38475cd6250b74e515d6f39e49ba51ab31fb5ab3e510e49756b45236e5a2f7cf,CoinMiner,exe
d727c634a81811e5a557dfcffb92e033862b636785410a81cf717046a91e0d19,CoinMiner,exe
ae6e65d00f1bb515ff1fb8f049afc360161fa38260e0bf1329c2dde072d70a67,CoinMiner,exe
d1518d0bd89529e64e3e4e8a433b988c99334b2c3ebdbdf85de312addaa8bbbf,CoinMiner,exe
c4fabfcf75a6745956013a61656e620c485d9f39b286b4c7e3b099fe1bba652a,CoinMiner,exe
8fc455e31efe2cbb2ccffb27169f67e54d2535ecc71aa070f0d26817d0aca480,CoinMiner,exe
9213b2fbce84b1f8a824d6475831100538944bac794e12fc542d733b3b2201eb,CoinMiner,exe
fedb3e1b92e1e5c1e588df34157b5000d041018b6b0c7b1c3ea91ffadb08e014,CoinMiner,exe
12b90ddb368ab4ffcc98171a59b8a19a07aeb6017b3ec08a06b3b1eecdd9fdd4,CoinMiner,exe
e350ca46f64afa440429285396c60ff2ac5c325996eed910832bd94c9f43c487,CoinMiner,exe
00e99856b30d2f75a452daf1dc13ed02396d38ff975db1f814668b8ff0b52eac,CoinMiner,elf
05a5138226c9bcda130f95e14b36c083fb4e0a7457a0647f4eba2fa147fd3bf5,CoinMiner,elf
0343cc89b06f7a6e45cb7d09f0328821c826d63216265d5d0c0a22902af835d1,CoinMiner,elf
6e0593be7fe7b6a0789e78610de47a3c76c49bf39e66feaeb6c3169390bc1b91,CoinMiner,elf
112035d781a0b726569febbff97ded6401462c91b153e31e5bec7386dab34ff0,CoinMiner,elf
74f5df72efa6a4e3e19363f5aa04a2ffb37d86499df7055d1414953ea684f618,CoinMiner,elf
b98d8b8f4e73e553bd42bd8afd12d6afc1e5ff38a651f1e6fc3d1186d142a8ef,CoinMiner,elf
a7990b9026200d4d350e6e15750545cd3bb64b52965810807fd1b30bd87c6582,CoinMiner,elf
9349110551754e719b9eaeabc2b692cac6316e032ccb4dce4931ebfb6e291fbb,CoinMiner,elf
ab4f3bb1a973fb8ed6eacfad3e0065b3bf541054cd680031948d43fcf8c84667,CoinMiner,elf
e2aa280211036f684810d543f375c0d936316411ae4f6c4347baf7527ac3dd31,CoinMiner,elf
5c72bdfe8c816a153926f00cb2c34c21352570e00a43df9e0fab939cd5a3889b,CoinMiner,elf
c7709ac88c8be581a74510700227c2783acd350780b2e626946ea88d10bf3e73,CoinMiner,elf
745b2d3cd229fe218a8869e80100fe60c16ecc788c68a6d093a86291c63ac0cd,CoinMiner,elf
a9303e3948a212476179499bf5e7aaf5df89fc490bf28c8ec15005bf8b023ee5,CoinMiner,exe
eb2cca230b99d059355c3d4d2c35e9585aedd030c7477535b86bbc950d7ea2a9,CoinMiner,exe
40345a358400cb771088c33a9cf194946da95c2bb2d979e7be5e1c8c37facf33,CoinMiner,exe
52764c8c74bc2ec19138f7bbaaeb30fc24f5384709409e756f3edb03848c67bb,CoinMiner,exe
3660074f4a92b21ddababd36837c86db20ccd883866bc1dbeed11ed081a1df3e,CoinMiner,elf
61dda033ee6a52ace288049c4d5be53959a5dcd0467dcd4286f3c8203ff984a4,CoinMiner,elf
e6e09041ef99c529827b12f93d988dc29320fffdb604fbebbfc7403cffae6baf,CoinMiner,elf
c1e97858d11f97a0157f31aeb413c76ecd9cd96062929e2e659ae9e3c0dc78c4,CoinMiner,elf
691c25e6addecd537d5948e809346235694f18621322f847299f464c35613615,CoinMiner,elf
c1ddca8512611169717a8f9dec04cf8a5e5636d49fbbe33f6e80c7cfa8891023,CoinMiner,elf
ae5db9eb1406557f12e2d9b474b2519beba3b6fc6afdb8ded74f41d258ae82cd,CoinMiner,elf
c9b09ab0ba66f76f8f4cfb00e34a941672dd84c4b535c3f328cf806d6a45cd9c,CoinMiner,elf
d41fd9018d83a1275535f8cbe0ee0b8cbfe440eeb0d9a29bc24a75643cf0a102,CoinMiner,elf
f9f8567aaa807983097deb4b7fb130cc2374ace1fb08a6a825324d892f11c140,CoinMiner,elf
5c2d1ffb8d00e3e93d60dc3294b08ce9afa08962d2658a67694b8f9c477e87d3,CoinMiner,elf
a32e7b6c1bab32642fa78f78d1891f8ba1ca8c4fa2bb382ea91350c9290a1107,CoinMiner,elf
585b523ab776fe15acd2f5ad75c58dfec436a4311c7bbc96758c7968ccb9ace3,CoinMiner,elf
c32470f4960e3267292b81005f792a1755d7b708aec15d083f205cc978f3a6e3,CoinMiner,elf
4bb095a58fff5ed716654429a5d3e85659f5e88fdb3d70991fe74ea5d86572cf,CoinMiner,elf
e462eb417f3ebe66041226a9d05174353889f1d189d71be1fa0559b0b40f8c79,CoinMiner,elf
ed6b9a8c2e638fc92a10cc88a0228e0c1dc088d5a28bb790f322137680b123f0,CoinMiner,elf
915d8baa66a420bd67b75a9d6152ab99036c16d29f1b73b2ad4d8e3dbae382e2,CoinMiner,elf
d3d74f36518d6bb59929f9f1601b90520e6228877ab30787e97acd857e38cf2e,CoinMiner,elf
c9a93549b2b5999337eb51e916a489456466b0fbaf6d3aa27bb45cb28ca614a6,CoinMiner,exe
59c31b45f7e3a04bfc35651d087d063e95f7e31d1246018eed1150a177410125,CoinMiner,exe
47167ee6a2eedbb6a361b502516be53365b4399ca8c05a51c21b0dea8980e33f,CoinMiner,exe
a5bd3148f357f3d47425e98f5ffbd8de459f255e6895f9f9f75a718205c85a66,CoinMiner,elf
26986a0e1191438a458efbb6907a19b7ca44ee88ddb37c1938b2b7d9b697379d,CoinMiner,elf
89b54cb1327c87c2fe8aeb3d3c6e81cd8d2bc7122acbc2cca3dee6aa446788dd,CoinMiner,elf
d021a17520039ec08a3d0a4805cec5c807567180da7eab3c81082b9d84ad6e5f,CoinMiner,elf
f9cc0b697020637be30aedb8e343813aede87b2cc4d5ee923d105b877a04dced,CoinMiner,elf
57df2674f16175374bfba7367040ed79889fed9d71b06a96d34181e112f15e22,CoinMiner,elf
50f59b6efe71baad62541f4a344a0d7b8b1d39a0254ff58a1839781679515fd3,CoinMiner,elf
5493b99616ac9ef5b8391505dc0e07544a74efd78f113331e6d536db39fb985c,CoinMiner,elf
77bf85c043145dd34d7069fff7c3924074303294396ba775c070d1ff2c3a1e80,CoinMiner,elf
036283407ccf8ecff4105810b91c1faf6f17c138e77f28d0ef0f3109b22ef785,CoinMiner,elf
adaee0af5bc0376c62b7b87408d9e346f2da326d25d474638bbfc4a6b85f3560,CoinMiner,elf
e80bdd61c33b35d0697f5a183b78f255b0ccb86d39784af9b9f7916d93129998,CoinMiner,elf
dde26803587a91d5cf6ff51f6aa3643b52be73d96d20cdef28307d85409d5ae2,CoinMiner,elf
105f9320d5ad653eec8c3a3455cf105bf75458dac89cfc173d96285dc95adc5c,CoinMiner,elf
3559470d1dc6eb5c171bb6041c69b9916c702a7a8c9646fad0762045c4169d5b,CoinMiner,elf
8acfc7ae345d55ea28156b52b2c62ef656410ef513d6b3871022b87d669b9913,CoinMiner,elf
237e6ff6b83166d19edabf4cade3cec3ceb4b9665b70c52d4b0e79b9670d8846,CoinMiner,exe
d89ac69f086cb3029a8eac0fed1310d46142b3891d2d6874f5ed0a742d887c4a,CoinMiner,exe
a2c042f9db2a3e0634378ad4ce85269f97167438754e5e9f059a3c58c25b1cae,CoinMiner,exe
8d5fb1aa1eead3de107ec5b99178d3c8d48b23b6116554cd9319538735c3d7c6,CoinMiner,exe
a7796186e4c40f5a257b952e16d1964b3c9f20a1f2d9d09d3047293d6f71c921,CoinMiner,exe
b9c43cbbc9b35df9f526e3863d782db4e8a9b89b7e693613bfa1e98c5c89cba2,CoinMiner,exe
114ab04a7669147c1fbf25fb4d44d18021fc573f653d6eff3bdfa508316d5317,CoinMiner,exe
e9f7f20f31b527e841944772341dd615e0dca338371e842e10f74a9325c17962,CoinMiner,exe
0f5b306d0e04b56939893e35f82e218b618fbe4ec3ea21ff7316e866a46e9eb2,CoinMiner,exe
707af1fc2b119cea491cf366d738634ec6918d12c0db13052f4f8f8bf139b7b9,CoinMiner,exe
41d6c23cb9a70bb4e547f67e175a0182ba5d3917a302cab798d425ffba6bccfd,CoinMiner,exe
ee4263fccb0aa847d032174ad12f1486f0cd3a51a7aabd548f089e731ee97a9f,CoinMiner,exe
8441a4fd099d810166cba6dc1796c5ff57ef1856c8edd73ff07ab674c8d73dcc,CoinMiner,exe
4dd2a916d6767a36f1b289339555b1993471952acf4f3ed4813644bf232a68f9,CoinMiner,exe
ffb42d868ef70aafbf8a08178d59c068fc0b13995e8d7185df869b49374dc653,CoinMiner,exe
99dee89a3427e03b136a462f486cf3537f98f4fc82c16dd9119080edf3eb4d2c,CoinMiner,exe
3ced756405771b11daab9d9b24db2faad5aaeeab845a31577d03ee545c27d5ba,CoinMiner,exe
5279459846fe8fba8753091ee28d8a73b7e84d8dd448b8a2b7e60d120091aad1,CoinMiner,exe
13b63315771f0d2c3e3d2e3cdad85d9adc655b26f8864e12a62fbc3c6024f853,CoinMiner,exe
31c8b69276db00052e45a0bbc82f88e2d4440f4b0479529ab4c94a0ef84a6a6c,CoinMiner,exe
f0ff7f1e0e1544828984d40247d38e38cb4b5d528665098c058e41b24db1d56f,CoinMiner,exe
20a1484577dc0b66613cc70619a74dfcaa7da6c19d0a4949cbc83a8e80317fd9,CoinMiner,exe
89d0e579a94542590d3cd6516d4d4069b2832327cb906ce1c11baf66d0e5fa07,CoinMiner,exe
defadd2c760d72241fd031116864d2aa0a3d9318e815db8a5b925769383b46fd,CoinMiner,exe
